sample_name	sample_id	Location	LLIN.actual	control_phase	RND	HSD	cluster_1	cluster_2	cluster_3	cluster_4
108402032009	VBS50275-6645STDY11194051	East	Non-PBO LLIN	pre	1	84	2	0	0	0
108402032004	VBS50276-6645STDY11194052	East	Non-PBO LLIN	pre	1	84	2	0	0	0
108405057028	VBS50283-6645STDY11194053	East	Non-PBO LLIN	pre	1	84	0	0	0	1
108405057024	VBS50286-6645STDY11194055	East	Non-PBO LLIN	pre	1	84	2	0	0	0
108405057036	VBS50287-6645STDY11194056	East	Non-PBO LLIN	pre	1	84	2	0	0	0
108405057032	VBS50288-6645STDY11194057	East	Non-PBO LLIN	pre	1	84	2	0	0	0
108405057018	VBS50289-6645STDY11194058	East	Non-PBO LLIN	pre	1	84	2	0	0	0
108405057014	VBS50291-6645STDY11194059	East	Non-PBO LLIN	pre	1	84	1	1	0	0
108405057034	VBS50293-6645STDY11194060	East	Non-PBO LLIN	pre	1	84	2	0	0	0
108405057006	VBS50294-6645STDY11194061	East	Non-PBO LLIN	pre	1	84	2	0	0	0
109410010012	VBS50295-6645STDY11194062	East	PBO LLIN	pre	1	94	2	0	0	0
109410010006	VBS50296-6645STDY11194063	East	PBO LLIN	pre	1	94	2	0	0	0
109410010005	VBS50297-6645STDY11194064	East	PBO LLIN	pre	1	94	2	0	0	0
109410010001	VBS50298-6645STDY11194065	East	PBO LLIN	pre	1	94	1	0	0	0
109410010024	VBS50299-6645STDY11194066	East	PBO LLIN	pre	1	94	2	0	0	0
109410010019	VBS50300-6645STDY11194067	East	PBO LLIN	pre	1	94	2	0	0	0
109410010020	VBS50301-6645STDY11194068	East	PBO LLIN	pre	1	94	1	0	0	0
109410010011	VBS50302-6645STDY11194069	East	PBO LLIN	pre	1	94	2	0	0	0
106905060001	VBS50303-6645STDY11194070	East	Non-PBO LLIN	pre	1	69	2	0	0	0
106905060007	VBS50304-6645STDY11194071	East	Non-PBO LLIN	pre	1	69	1	1	0	0
106905060003	VBS50305-6645STDY11194072	East	Non-PBO LLIN	pre	1	69	2	0	0	0
106905060004	VBS50306-6645STDY11194073	East	Non-PBO LLIN	pre	1	69	2	0	0	0
106902077008	VBS50307-6645STDY11194074	East	Non-PBO LLIN	pre	1	69	1	0	0	0
106902077012	VBS50308-6645STDY11194075	East	Non-PBO LLIN	pre	1	69	2	0	0	0
106902077020	VBS50309-6645STDY11194076	East	Non-PBO LLIN	pre	1	69	2	0	0	0
106902077014	VBS50310-6645STDY11194077	East	Non-PBO LLIN	pre	1	69	2	0	0	0
106905060008	VBS50311-6645STDY11194078	East	Non-PBO LLIN	pre	1	69	2	0	0	0
106905060009	VBS50312-6645STDY11194079	East	Non-PBO LLIN	pre	1	69	2	0	0	0
106905060006	VBS50313-6645STDY11194080	East	Non-PBO LLIN	pre	1	69	1	0	0	0
106905060005	VBS50314-6645STDY11194081	East	Non-PBO LLIN	pre	1	69	2	0	0	0
106902077001	VBS50315-6645STDY11194082	East	Non-PBO LLIN	pre	1	69	2	0	0	0
106902077007	VBS50316-6645STDY11194083	East	Non-PBO LLIN	pre	1	69	1	0	0	0
106902077004	VBS50318-6645STDY11194084	East	Non-PBO LLIN	pre	1	69	2	0	0	0
106907172003	VBS50321-6645STDY11194085	East	Non-PBO LLIN	pre	1	69	2	0	0	0
109409028114	VBS50323-6645STDY11194086	East	PBO LLIN	pre	1	94	2	0	0	0
109409028120	VBS50325-6645STDY11194087	East	PBO LLIN	pre	1	94	2	0	0	0
109409028199	VBS50327-6645STDY11194089	East	PBO LLIN	pre	1	94	2	0	0	0
109409028119	VBS50329-6645STDY11194090	East	PBO LLIN	pre	1	94	0	2	0	0
109409028269	VBS50330-6645STDY11194091	East	PBO LLIN	pre	1	94	2	0	0	0
109409028033	VBS50331-6645STDY11194092	East	PBO LLIN	pre	1	94	2	0	0	0
109409028191	VBS50332-6645STDY11194093	East	PBO LLIN	pre	1	94	2	0	0	0
109409028144	VBS50333-6645STDY11194094	East	PBO LLIN	pre	1	94	1	1	0	0
109409028105	VBS50334-6645STDY11194095	East	PBO LLIN	pre	1	94	2	0	0	0
106707051009	VBS50335-6645STDY11194096	East	Non-PBO LLIN	pre	1	67	2	0	0	0
106707051012	VBS50336-6645STDY11194097	East	Non-PBO LLIN	pre	1	67	1	1	0	0
106707051001	VBS50337-6645STDY11194098	East	Non-PBO LLIN	pre	1	67	2	0	0	0
106707051002	VBS50338-6645STDY11194099	East	Non-PBO LLIN	pre	1	67	2	0	0	0
106707051006	VBS50339-6645STDY11194100	East	Non-PBO LLIN	pre	1	67	0	1	0	0
106707051008	VBS50340-6645STDY11194101	East	Non-PBO LLIN	pre	1	67	2	0	0	0
106707051003	VBS50341-6645STDY11194102	East	Non-PBO LLIN	pre	1	67	1	1	0	0
106705085017	VBS50342-6645STDY11194103	East	Non-PBO LLIN	pre	1	67	2	0	0	0
106706048017	VBS50344-6645STDY11194105	East	Non-PBO LLIN	pre	1	67	0	1	0	1
106706048001	VBS50346-6645STDY11194107	East	Non-PBO LLIN	pre	1	67	2	0	0	0
106706048004	VBS50347-6645STDY11194108	East	Non-PBO LLIN	pre	1	67	2	0	0	0
106706048013	VBS50349-6645STDY11194110	East	Non-PBO LLIN	pre	1	67	2	0	0	0
106706048010	VBS50350-6645STDY11194111	East	Non-PBO LLIN	pre	1	67	2	0	0	0
106705085014	VBS50351-6645STDY11194112	East	Non-PBO LLIN	pre	1	67	2	0	0	0
106705085007	VBS50352-6645STDY11194113	East	Non-PBO LLIN	pre	1	67	1	1	0	0
106705085010	VBS50353-6645STDY11194114	East	Non-PBO LLIN	pre	1	67	2	0	0	0
106705085011	VBS50354-6645STDY11194115	East	Non-PBO LLIN	pre	1	67	2	0	0	0
107409034047	VBS50355-6645STDY11194116	East	Non-PBO LLIN	pre	1	74	2	0	0	0
107409034028	VBS50356-6645STDY11194117	East	Non-PBO LLIN	pre	1	74	2	0	0	0
107409034043	VBS50358-6645STDY11194118	East	Non-PBO LLIN	pre	1	74	1	1	0	0
107409034020	VBS50360-6645STDY11194119	East	Non-PBO LLIN	pre	1	74	1	0	0	0
107409034048	VBS50362-6645STDY11194121	East	Non-PBO LLIN	pre	1	74	2	0	0	0
107410006002	VBS50363-6645STDY11194122	East	Non-PBO LLIN	pre	1	74	2	0	0	0
107410006005	VBS50365-6645STDY11194123	East	Non-PBO LLIN	pre	1	74	1	1	0	0
107405056001	VBS50366-6645STDY11194124	East	Non-PBO LLIN	pre	1	74	1	0	1	0
108605082001	VBS50374-6645STDY11194125	East	Non-PBO LLIN	pre	1	86	1	0	1	0
108605082002	VBS50375-6645STDY11194126	East	Non-PBO LLIN	pre	1	86	2	0	0	0
108605082003	VBS50376-6645STDY11194127	East	Non-PBO LLIN	pre	1	86	1	1	0	0
108605082004	VBS50377-6645STDY11194128	East	Non-PBO LLIN	pre	1	86	2	0	0	0
108605082005	VBS50378-6645STDY11194129	East	Non-PBO LLIN	pre	1	86	2	0	0	0
108605082006	VBS50379-6645STDY11194130	East	Non-PBO LLIN	pre	1	86	1	0	0	0
108605082007	VBS50380-6645STDY11194131	East	Non-PBO LLIN	pre	1	86	1	0	0	0
108605082008	VBS50381-6645STDY11194132	East	Non-PBO LLIN	pre	1	86	1	1	0	0
108605082010	VBS50383-6645STDY11194134	East	Non-PBO LLIN	pre	1	86	2	0	0	0
108605082013	VBS50385-6645STDY11194135	East	Non-PBO LLIN	pre	1	86	2	0	0	0
108605082014	VBS50386-6645STDY11194136	East	Non-PBO LLIN	pre	1	86	2	0	0	0
108606058002	VBS50389-6645STDY11194137	East	Non-PBO LLIN	pre	1	86	2	0	0	0
108606058003	VBS50390-6645STDY11194138	East	Non-PBO LLIN	pre	1	86	2	0	0	0
108603085001	VBS50391-6645STDY11194139	East	Non-PBO LLIN	pre	1	86	1	0	0	0
108608176001	VBS50392-6645STDY11194140	East	Non-PBO LLIN	pre	1	86	1	0	0	0
108608176002	VBS50393-6645STDY11194141	East	Non-PBO LLIN	pre	1	86	2	0	0	0
108209002001	VBS50394-6645STDY11194142	East	Non-PBO LLIN	pre	1	82	2	0	0	0
108209002002	VBS50395-6645STDY11194143	East	Non-PBO LLIN	pre	1	82	2	0	0	0
108209002003	VBS50396-6645STDY11194144	East	Non-PBO LLIN	pre	1	82	2	0	0	0
108209002004	VBS50397-6645STDY11194147	East	Non-PBO LLIN	pre	1	82	2	0	0	0
108209002005	VBS50398-6645STDY11194148	East	Non-PBO LLIN	pre	1	82	2	0	0	0
108209002006	VBS50399-6645STDY11194149	East	Non-PBO LLIN	pre	1	82	2	0	0	0
108209002008	VBS50401-6645STDY11194150	East	Non-PBO LLIN	pre	1	82	2	0	0	0
108201027003	VBS50404-6645STDY11194152	East	Non-PBO LLIN	pre	1	82	2	0	0	0
108201027022	VBS50405-6645STDY11194153	East	Non-PBO LLIN	pre	1	82	2	0	0	0
108201027027	VBS50406-6645STDY11194154	East	Non-PBO LLIN	pre	1	82	1	1	0	0
108201027023	VBS50409-6645STDY11194155	East	Non-PBO LLIN	pre	1	82	1	1	0	0
108201027012	VBS50410-6645STDY11194156	East	Non-PBO LLIN	pre	1	82	1	1	0	0
108201027005	VBS50411-6645STDY11194157	East	Non-PBO LLIN	pre	1	82	1	0	0	0
100906159001	VBS50414-6645STDY11194158	West	PBO LLIN	pre	1	9	1	1	0	0
100906159002	VBS50415-6645STDY11194159	West	PBO LLIN	pre	1	9	2	0	0	0
100906159003	VBS50416-6645STDY11194160	West	PBO LLIN	pre	1	9	2	0	0	0
100906159004	VBS50417-6645STDY11194161	West	PBO LLIN	pre	1	9	1	0	0	0
100906159005	VBS50418-6645STDY11194162	West	PBO LLIN	pre	1	9	2	0	0	0
100906159006	VBS50419-6645STDY11194163	West	PBO LLIN	pre	1	9	2	0	0	0
100906159007	VBS50420-6645STDY11194164	West	PBO LLIN	pre	1	9	2	0	0	0
100906159008	VBS50421-6645STDY11194165	West	PBO LLIN	pre	1	9	2	0	0	0
100906159009	VBS50422-6645STDY11194166	West	PBO LLIN	pre	1	9	2	0	0	0
100906159010	VBS50423-6645STDY11194167	West	PBO LLIN	pre	1	9	2	0	0	0
100907053030	VBS50424-6645STDY11194168	West	PBO LLIN	pre	1	9	2	0	0	0
100907053013	VBS50426-6645STDY11194169	West	PBO LLIN	pre	1	9	2	0	0	0
100907053007	VBS50427-6645STDY11194170	West	PBO LLIN	pre	1	9	2	0	0	0
100907053009	VBS50429-6645STDY11194171	West	PBO LLIN	pre	1	9	1	1	0	0
100907053018	VBS50431-6645STDY11194172	West	PBO LLIN	pre	1	9	2	0	0	0
100907053022	VBS50432-6645STDY11194173	West	PBO LLIN	pre	1	9	2	0	0	0
100907053025	VBS50433-6645STDY11194174	West	PBO LLIN	pre	1	9	2	0	0	0
105207056006	VBS50434-6645STDY11194175	West	Non-PBO LLIN	pre	1	52	2	0	0	0
105207056007	VBS50435-6645STDY11194176	West	Non-PBO LLIN	pre	1	52	2	0	0	0
105207056008	VBS50436-6645STDY11194177	West	Non-PBO LLIN	pre	1	52	2	0	0	0
105207056009	VBS50437-6645STDY11194178	West	Non-PBO LLIN	pre	1	52	2	0	0	0
105207056010	VBS50438-6645STDY11194179	West	Non-PBO LLIN	pre	1	52	2	0	0	0
105207056011	VBS50439-6645STDY11194180	West	Non-PBO LLIN	pre	1	52	2	0	0	0
105207056012	VBS50440-6645STDY11194181	West	Non-PBO LLIN	pre	1	52	2	0	0	0
105207056016	VBS50443-6645STDY11194184	West	Non-PBO LLIN	pre	1	52	2	0	0	0
105205218020	VBS50444-6645STDY11194185	West	Non-PBO LLIN	pre	1	52	2	0	0	0
105205218001	VBS50445-6645STDY11194186	West	Non-PBO LLIN	pre	1	52	1	0	0	0
105205218025	VBS50446-6645STDY11194187	West	Non-PBO LLIN	pre	1	52	2	0	0	0
105205218006	VBS50447-6645STDY11194188	West	Non-PBO LLIN	pre	1	52	2	0	0	0
105205218019	VBS50448-6645STDY11194189	West	Non-PBO LLIN	pre	1	52	2	0	0	0
105205218012	VBS50451-6645STDY11194192	West	Non-PBO LLIN	pre	1	52	1	0	0	0
105205218017	VBS50452-6645STDY11194193	West	Non-PBO LLIN	pre	1	52	2	0	0	0
105205218024	VBS50453-6645STDY11194194	West	Non-PBO LLIN	pre	1	52	1	1	0	0
200905187001	VBS50454-6645STDY11194195	West	PBO LLIN	intermediate	2	9	2	0	0	0
206706039003	VBS50455-6645STDY11194196	East	Non-PBO LLIN	intermediate	2	67	1	0	0	0
206706039004	VBS50456-6645STDY11194197	East	Non-PBO LLIN	intermediate	2	67	1	0	1	0
206706039005	VBS50457-6645STDY11194198	East	Non-PBO LLIN	intermediate	2	67	2	0	0	0
206706039006	VBS50458-6645STDY11194199	East	Non-PBO LLIN	intermediate	2	67	2	0	0	0
206706039007	VBS50459-6645STDY11194200	East	Non-PBO LLIN	intermediate	2	67	1	0	1	0
206706039009	VBS50461-6645STDY11194202	East	Non-PBO LLIN	intermediate	2	67	2	0	0	0
206706039011	VBS50463-6645STDY11194203	East	Non-PBO LLIN	intermediate	2	67	2	0	0	0
206706039012	VBS50464-6645STDY11194204	East	Non-PBO LLIN	intermediate	2	67	2	0	0	0
206708044012	VBS50465-6645STDY11194205	East	Non-PBO LLIN	intermediate	2	67	1	1	0	0
206708044015	VBS50466-6645STDY11194206	East	Non-PBO LLIN	intermediate	2	67	2	0	0	0
206708044001	VBS50467-6645STDY11194207	East	Non-PBO LLIN	intermediate	2	67	2	0	0	0
206708044013	VBS50468-6645STDY11194208	East	Non-PBO LLIN	intermediate	2	67	1	0	1	0
206708044010	VBS50469-6645STDY11194209	East	Non-PBO LLIN	intermediate	2	67	2	0	0	0
206708044007	VBS50470-6645STDY11194210	East	Non-PBO LLIN	intermediate	2	67	2	0	0	0
206708044002	VBS50471-6645STDY11194211	East	Non-PBO LLIN	intermediate	2	67	2	0	0	0
206708044011	VBS50472-6645STDY11194212	East	Non-PBO LLIN	intermediate	2	67	2	0	0	0
206708044014	VBS50473-6645STDY11194213	East	Non-PBO LLIN	intermediate	2	67	2	0	0	0
206708044017	VBS50474-6645STDY11194214	East	Non-PBO LLIN	intermediate	2	67	2	0	0	0
207402148001	VBS50475-6645STDY11194215	East	Non-PBO LLIN	intermediate	2	74	1	0	0	0
207404046001	VBS50476-6645STDY11194216	East	Non-PBO LLIN	intermediate	2	74	2	0	0	0
207405087001	VBS50477-6645STDY11194217	East	Non-PBO LLIN	intermediate	2	74	2	0	0	0
207405087002	VBS50478-6645STDY11194218	East	Non-PBO LLIN	intermediate	2	74	2	0	0	0
207409079001	VBS50479-6645STDY11194219	East	Non-PBO LLIN	intermediate	2	74	2	0	0	0
208205096001	VBS50480-6645STDY11194220	East	Non-PBO LLIN	intermediate	2	82	1	0	0	0
208405007001	VBS50481-6645STDY11194221	East	Non-PBO LLIN	intermediate	2	84	2	0	0	0
208406040001	VBS50482-6645STDY11194222	East	Non-PBO LLIN	intermediate	2	84	2	0	0	0
208601006001	VBS50483-6645STDY11194223	East	Non-PBO LLIN	intermediate	2	86	2	0	0	0
208604011002	VBS50485-6645STDY11194224	East	Non-PBO LLIN	intermediate	2	86	2	0	0	0
208604011003	VBS50486-6645STDY11194225	East	Non-PBO LLIN	intermediate	2	86	2	0	0	0
208605021001	VBS50487-6645STDY11194226	East	Non-PBO LLIN	intermediate	2	86	2	0	0	0
208605021002	VBS50488-6645STDY11194227	East	Non-PBO LLIN	intermediate	2	86	2	0	0	0
208605021003	VBS50489-6645STDY11194228	East	Non-PBO LLIN	intermediate	2	86	2	0	0	0
208605021005	VBS50490-6645STDY11194229	East	Non-PBO LLIN	intermediate	2	86	1	1	0	0
208605021006	VBS50491-6645STDY11194230	East	Non-PBO LLIN	intermediate	2	86	1	0	0	0
208605021009	VBS50492-6645STDY11194231	East	Non-PBO LLIN	intermediate	2	86	1	0	1	0
208605021010	VBS50493-6645STDY11194232	East	Non-PBO LLIN	intermediate	2	86	2	0	0	0
208605021011	VBS50494-6645STDY11194233	East	Non-PBO LLIN	intermediate	2	86	1	0	0	0
208605021012	VBS50495-6645STDY11194234	East	Non-PBO LLIN	intermediate	2	86	2	0	0	0
208605021013	VBS50496-6645STDY11194235	East	Non-PBO LLIN	intermediate	2	86	2	0	0	0
208605021014	VBS50497-6645STDY11194236	East	Non-PBO LLIN	intermediate	2	86	2	0	0	0
208605021017	VBS50498-6645STDY11194237	East	Non-PBO LLIN	intermediate	2	86	2	0	0	0
208605021018	VBS50499-6645STDY11194238	East	Non-PBO LLIN	intermediate	2	86	2	0	0	0
208407185001	VBS50500-6645STDY11194239	East	Non-PBO LLIN	intermediate	2	84	1	0	0	0
205207002003	VBS50504-6645STDY11194244	West	Non-PBO LLIN	intermediate	2	52	1	0	0	0
205207002004	VBS50505-6645STDY11194245	West	Non-PBO LLIN	intermediate	2	52	2	0	0	0
205210061004	VBS50511-6645STDY11194251	West	Non-PBO LLIN	intermediate	2	52	2	0	0	0
206906117002	VBS50512-6645STDY11194252	East	Non-PBO LLIN	intermediate	2	69	2	0	0	0
206906117003	VBS50513-6645STDY11194253	East	Non-PBO LLIN	intermediate	2	69	2	0	0	0
206908078004	VBS50517-6645STDY11194256	East	Non-PBO LLIN	intermediate	2	69	2	0	0	0
300907182001	VBS50519-6645STDY11194257	West	PBO LLIN	intermediate	3	9	2	0	0	0
300907182002	VBS50520-6645STDY11194258	West	PBO LLIN	intermediate	3	9	2	0	0	0
300907182003	VBS50521-6645STDY11194259	West	PBO LLIN	intermediate	3	9	1	0	0	0
300907182004	VBS50522-6645STDY11194260	West	PBO LLIN	intermediate	3	9	2	0	0	0
306704046001	VBS50523-6645STDY11194261	East	Non-PBO LLIN	intermediate	3	67	2	0	0	0
306704046002	VBS50524-6645STDY11194262	East	Non-PBO LLIN	intermediate	3	67	2	0	0	0
306705035001	VBS50526-6645STDY11194263	East	Non-PBO LLIN	intermediate	3	67	2	0	0	0
306707033001	VBS50527-6645STDY11194264	East	Non-PBO LLIN	intermediate	3	67	2	0	0	0
306707033002	VBS50528-6645STDY11194265	East	Non-PBO LLIN	intermediate	3	67	2	0	0	0
306707033003	VBS50529-6645STDY11194266	East	Non-PBO LLIN	intermediate	3	67	2	0	0	0
306707033004	VBS50530-6645STDY11194267	East	Non-PBO LLIN	intermediate	3	67	2	0	0	0
306707033005	VBS50531-6645STDY11194268	East	Non-PBO LLIN	intermediate	3	67	2	0	0	0
306707033006	VBS50532-6645STDY11194269	East	Non-PBO LLIN	intermediate	3	67	2	0	0	0
306707033007	VBS50533-6645STDY11194270	East	Non-PBO LLIN	intermediate	3	67	1	0	0	0
306707033008	VBS50534-6645STDY11194271	East	Non-PBO LLIN	intermediate	3	67	1	0	0	1
306707033010	VBS50535-6645STDY11194272	East	Non-PBO LLIN	intermediate	3	67	2	0	0	0
306707033011	VBS50536-6645STDY11194273	East	Non-PBO LLIN	intermediate	3	67	2	0	0	0
306707033012	VBS50537-6645STDY11194274	East	Non-PBO LLIN	intermediate	3	67	2	0	0	0
306707033013	VBS50538-6645STDY11194275	East	Non-PBO LLIN	intermediate	3	67	2	0	0	0
306707033014	VBS50539-6645STDY11194276	East	Non-PBO LLIN	intermediate	3	67	2	0	0	0
306902081001	VBS50540-6645STDY11194277	East	Non-PBO LLIN	intermediate	3	69	1	1	0	0
306902081002	VBS50541-6645STDY11194278	East	Non-PBO LLIN	intermediate	3	69	2	0	0	0
306902081003	VBS50542-6645STDY11194279	East	Non-PBO LLIN	intermediate	3	69	1	0	0	0
306902081004	VBS50543-6645STDY11194280	East	Non-PBO LLIN	intermediate	3	69	1	1	0	0
306902081005	VBS50544-6645STDY11194281	East	Non-PBO LLIN	intermediate	3	69	2	0	0	0
306910201002	VBS50545-6645STDY11194282	East	Non-PBO LLIN	intermediate	3	69	1	0	0	0
306910201005	VBS50546-6645STDY11194283	East	Non-PBO LLIN	intermediate	3	69	2	0	0	0
306910201004	VBS50547-6645STDY11194284	East	Non-PBO LLIN	intermediate	3	69	1	1	0	0
306910201003	VBS50548-6645STDY11194285	East	Non-PBO LLIN	intermediate	3	69	1	0	1	0
306910201006	VBS50549-6645STDY11194286	East	Non-PBO LLIN	intermediate	3	69	1	0	0	0
306910201007	VBS50550-6645STDY11194287	East	Non-PBO LLIN	intermediate	3	69	1	1	0	0
306910201008	VBS50551-6645STDY11194288	East	Non-PBO LLIN	intermediate	3	69	2	0	0	0
306910201009	VBS50552-6645STDY11194289	East	Non-PBO LLIN	intermediate	3	69	1	0	0	0
306910201001	VBS50553-6645STDY11194290	East	Non-PBO LLIN	intermediate	3	69	2	0	0	0
306910201011	VBS50555-6645STDY11194292	East	Non-PBO LLIN	intermediate	3	69	2	0	0	0
306910201012	VBS50556-6645STDY11194293	East	Non-PBO LLIN	intermediate	3	69	2	0	0	0
306910201013	VBS50557-6645STDY11194294	East	Non-PBO LLIN	intermediate	3	69	1	0	0	0
306910201014	VBS50558-6645STDY11194295	East	Non-PBO LLIN	intermediate	3	69	2	0	0	0
306910201015	VBS50559-6645STDY11194296	East	Non-PBO LLIN	intermediate	3	69	1	0	0	0
307405099001	VBS50560-6645STDY11194297	East	Non-PBO LLIN	intermediate	3	74	2	0	0	0
307405099002	VBS50561-6645STDY11194298	East	Non-PBO LLIN	intermediate	3	74	2	0	0	0
307405099003	VBS50562-6645STDY11194299	East	Non-PBO LLIN	intermediate	3	74	1	1	0	0
307405099004	VBS50563-6645STDY11194300	East	Non-PBO LLIN	intermediate	3	74	2	0	0	0
307406085001	VBS50564-6645STDY11194301	East	Non-PBO LLIN	intermediate	3	74	2	0	0	0
307406085002	VBS50565-6645STDY11194302	East	Non-PBO LLIN	intermediate	3	74	1	0	0	0
307406085003	VBS50566-6645STDY11194303	East	Non-PBO LLIN	intermediate	3	74	2	0	0	0
307409080002	VBS50567-6645STDY11194304	East	Non-PBO LLIN	intermediate	3	74	1	1	0	0
307409080003	VBS50568-6645STDY11194305	East	Non-PBO LLIN	intermediate	3	74	2	0	0	0
307409080004	VBS50569-6645STDY11194306	East	Non-PBO LLIN	intermediate	3	74	2	0	0	0
307409080005	VBS50570-6645STDY11194307	East	Non-PBO LLIN	intermediate	3	74	1	1	0	0
307409080006	VBS50571-6645STDY11194308	East	Non-PBO LLIN	intermediate	3	74	2	0	0	0
307409080007	VBS50572-6645STDY11194309	East	Non-PBO LLIN	intermediate	3	74	2	0	0	0
307410105001	VBS50573-6645STDY11194310	East	Non-PBO LLIN	intermediate	3	74	2	0	0	0
307410105002	VBS50574-6645STDY11194311	East	Non-PBO LLIN	intermediate	3	74	2	0	0	0
307410105003	VBS50575-6645STDY11194312	East	Non-PBO LLIN	intermediate	3	74	2	0	0	0
307410105004	VBS50576-6645STDY11194313	East	Non-PBO LLIN	intermediate	3	74	2	0	0	0
307410105005	VBS50577-6645STDY11194314	East	Non-PBO LLIN	intermediate	3	74	1	1	0	0
308409039005	VBS50578-6645STDY11194315	East	Non-PBO LLIN	intermediate	3	84	2	0	0	0
308210007001	VBS50579-6645STDY11194316	East	Non-PBO LLIN	intermediate	3	82	1	1	0	0
308210007002	VBS50580-6645STDY11194317	East	Non-PBO LLIN	intermediate	3	82	2	0	0	0
308210007003	VBS50581-6645STDY11194318	East	Non-PBO LLIN	intermediate	3	82	2	0	0	0
308210007004	VBS50582-6645STDY11194319	East	Non-PBO LLIN	intermediate	3	82	2	0	0	0
308210007005	VBS50583-6645STDY11194320	East	Non-PBO LLIN	intermediate	3	82	2	0	0	0
308210007006	VBS50584-6645STDY11194321	East	Non-PBO LLIN	intermediate	3	82	2	0	0	0
308210007007	VBS50585-6645STDY11194322	East	Non-PBO LLIN	intermediate	3	82	1	0	0	1
308210007008	VBS50586-6645STDY11194323	East	Non-PBO LLIN	intermediate	3	82	2	0	0	0
308210007009	VBS50587-6645STDY11194324	East	Non-PBO LLIN	intermediate	3	82	2	0	0	0
308210007011	VBS50588-6645STDY11194325	East	Non-PBO LLIN	intermediate	3	82	2	0	0	0
308207032017	VBS50589-6645STDY11194326	East	Non-PBO LLIN	intermediate	3	82	1	1	0	0
308207032027	VBS50591-6645STDY11194328	East	Non-PBO LLIN	intermediate	3	82	2	0	0	0
308207032018	VBS50592-6645STDY11194329	East	Non-PBO LLIN	intermediate	3	82	2	0	0	0
308207032035	VBS50593-6645STDY11194330	East	Non-PBO LLIN	intermediate	3	82	2	0	0	0
308207032008	VBS50594-6645STDY11194331	East	Non-PBO LLIN	intermediate	3	82	2	0	0	0
308207032030	VBS50595-6645STDY11194332	East	Non-PBO LLIN	intermediate	3	82	2	0	0	0
308207032006	VBS50596-6645STDY11194333	East	Non-PBO LLIN	intermediate	3	82	2	0	0	0
308207032022	VBS50597-6645STDY11194334	East	Non-PBO LLIN	intermediate	3	82	2	0	0	0
308402072002	VBS50599-6645STDY11194336	East	Non-PBO LLIN	intermediate	3	84	1	0	0	0
308402072003	VBS50600-6645STDY11194339	East	Non-PBO LLIN	intermediate	3	84	2	0	0	0
308402072004	VBS50601-6645STDY11194340	East	Non-PBO LLIN	intermediate	3	84	2	0	0	0
308402072006	VBS50602-6645STDY11194341	East	Non-PBO LLIN	intermediate	3	84	2	0	0	0
308402072009	VBS50603-6645STDY11194342	East	Non-PBO LLIN	intermediate	3	84	2	0	0	0
308404050001	VBS50604-6645STDY11194343	East	Non-PBO LLIN	intermediate	3	84	1	1	0	0
308404050002	VBS50605-6645STDY11194344	East	Non-PBO LLIN	intermediate	3	84	1	0	0	0
308405078001	VBS50606-6645STDY11194345	East	Non-PBO LLIN	intermediate	3	84	2	0	0	0
308405078003	VBS50607-6645STDY11194346	East	Non-PBO LLIN	intermediate	3	84	2	0	0	0
308405078004	VBS50608-6645STDY11194347	East	Non-PBO LLIN	intermediate	3	84	2	0	0	0
308405078002	VBS50609-6645STDY11194348	East	Non-PBO LLIN	intermediate	3	84	2	0	0	0
308406059002	VBS50610-6645STDY11194349	East	Non-PBO LLIN	intermediate	3	84	1	1	0	0
308406059003	VBS50611-6645STDY11194350	East	Non-PBO LLIN	intermediate	3	84	1	0	0	0
308406059004	VBS50612-6645STDY11194351	East	Non-PBO LLIN	intermediate	3	84	2	0	0	0
308406059005	VBS50613-6645STDY11194352	East	Non-PBO LLIN	intermediate	3	84	2	0	0	0
308408042001	VBS50614-6645STDY11194353	East	Non-PBO LLIN	intermediate	3	84	2	0	0	0
308606112003	VBS50615-6645STDY11194354	East	Non-PBO LLIN	intermediate	3	86	2	0	0	0
309402095001	VBS50616-6645STDY11194355	East	PBO LLIN	intermediate	3	94	2	0	0	0
309402095002	VBS50617-6645STDY11194356	East	PBO LLIN	intermediate	3	94	1	0	0	0
309407087001	VBS50618-6645STDY11194357	East	PBO LLIN	intermediate	3	94	2	0	0	0
309409103001	VBS50619-6645STDY11194358	East	PBO LLIN	intermediate	3	94	2	0	0	0
309409103002	VBS50620-6645STDY11194359	East	PBO LLIN	intermediate	3	94	2	0	0	0
309409103004	VBS50621-6645STDY11194360	East	PBO LLIN	intermediate	3	94	2	0	0	0
309410044001	VBS50622-6645STDY11194361	East	PBO LLIN	intermediate	3	94	2	0	0	0
309410044002	VBS50623-6645STDY11194362	East	PBO LLIN	intermediate	3	94	2	0	0	0
309410044003	VBS50624-6645STDY11194363	East	PBO LLIN	intermediate	3	94	2	0	0	0
305204083001	VBS50625-6645STDY11194364	West	Non-PBO LLIN	intermediate	3	52	2	0	0	0
305204083002	VBS50626-6645STDY11194365	West	Non-PBO LLIN	intermediate	3	52	2	0	0	0
305205018001	VBS50627-6645STDY11194366	West	Non-PBO LLIN	intermediate	3	52	0	0	0	0
305210097001	VBS50628-6645STDY11194367	West	Non-PBO LLIN	intermediate	3	52	2	0	0	0
305210097002	VBS50629-6645STDY11194368	West	Non-PBO LLIN	intermediate	3	52	2	0	0	0
305210097003	VBS50630-6645STDY11194369	West	Non-PBO LLIN	intermediate	3	52	2	0	0	0
405204023001	VBS50631-6645STDY11194370	West	Non-PBO LLIN	intermediate	4	52	2	0	0	0
405204023002	VBS50632-6645STDY11194371	West	Non-PBO LLIN	intermediate	4	52	2	0	0	0
405204023028	VBS50633-6645STDY11194372	West	Non-PBO LLIN	intermediate	4	52	2	0	0	0
405204023032	VBS50634-6645STDY11194373	West	Non-PBO LLIN	intermediate	4	52	2	0	0	0
405204023034	VBS50635-6645STDY11194374	West	Non-PBO LLIN	intermediate	4	52	2	0	0	0
405204023038	VBS50636-6645STDY11194375	West	Non-PBO LLIN	intermediate	4	52	2	0	0	0
405204023039	VBS50637-6645STDY11194376	West	Non-PBO LLIN	intermediate	4	52	2	0	0	0
405204023040	VBS50638-6645STDY11194377	West	Non-PBO LLIN	intermediate	4	52	2	0	0	0
405204023062	VBS50639-6645STDY11194378	West	Non-PBO LLIN	intermediate	4	52	1	0	0	0
405204023059	VBS50640-6645STDY11194379	West	Non-PBO LLIN	intermediate	4	52	1	0	0	0
405205026001	VBS50641-6645STDY11194380	West	Non-PBO LLIN	intermediate	4	52	2	0	0	0
405205026002	VBS50642-6645STDY11194381	West	Non-PBO LLIN	intermediate	4	52	2	0	0	0
405205026003	VBS50643-6645STDY11194382	West	Non-PBO LLIN	intermediate	4	52	2	0	0	0
405205026004	VBS50644-6645STDY11194383	West	Non-PBO LLIN	intermediate	4	52	2	0	0	0
405205026017	VBS50645-6645STDY11194384	West	Non-PBO LLIN	intermediate	4	52	1	1	0	0
405205026018	VBS50646-6645STDY11194385	West	Non-PBO LLIN	intermediate	4	52	2	0	0	0
405205026019	VBS50647-6645STDY11194386	West	Non-PBO LLIN	intermediate	4	52	2	0	0	0
405205026020	VBS50648-6645STDY11194387	West	Non-PBO LLIN	intermediate	4	52	2	0	0	0
405205026027	VBS50649-6645STDY11194388	West	Non-PBO LLIN	intermediate	4	52	2	0	0	0
405205026028	VBS50650-6645STDY11194389	West	Non-PBO LLIN	intermediate	4	52	2	0	0	0
406904017001	VBS50651-6645STDY11194390	East	Non-PBO LLIN	intermediate	4	69	2	0	0	0
406904017003	VBS50652-6645STDY11194391	East	Non-PBO LLIN	intermediate	4	69	2	0	0	0
406905147001	VBS50653-6645STDY11194392	East	Non-PBO LLIN	intermediate	4	69	2	0	0	0
406905147002	VBS50654-6645STDY11194393	East	Non-PBO LLIN	intermediate	4	69	2	0	0	0
406905147004	VBS50655-6645STDY11194394	East	Non-PBO LLIN	intermediate	4	69	2	0	0	0
406905147005	VBS50656-6645STDY11194395	East	Non-PBO LLIN	intermediate	4	69	2	0	0	0
406905147006	VBS50657-6645STDY11194396	East	Non-PBO LLIN	intermediate	4	69	2	0	0	0
406905147008	VBS50659-6645STDY11194398	East	Non-PBO LLIN	intermediate	4	69	2	0	0	0
406905147010	VBS50661-6645STDY11194400	East	Non-PBO LLIN	intermediate	4	69	2	0	0	0
406906168001	VBS50662-6645STDY11194401	East	Non-PBO LLIN	intermediate	4	69	1	0	0	0
406906168002	VBS50663-6645STDY11194402	East	Non-PBO LLIN	intermediate	4	69	2	0	0	0
406906168003	VBS50664-6645STDY11194403	East	Non-PBO LLIN	intermediate	4	69	2	0	0	0
406906168004	VBS50665-6645STDY11194404	East	Non-PBO LLIN	intermediate	4	69	2	0	0	0
407403071001	VBS50666-6645STDY11194405	East	Non-PBO LLIN	intermediate	4	74	2	0	0	0
407403071002	VBS50667-6645STDY11194406	East	Non-PBO LLIN	intermediate	4	74	2	0	0	0
407403071003	VBS50668-6645STDY11194407	East	Non-PBO LLIN	intermediate	4	74	1	0	0	0
407405063001	VBS50669-6645STDY11194408	East	Non-PBO LLIN	intermediate	4	74	1	0	0	0
407405063002	VBS50670-6645STDY11194409	East	Non-PBO LLIN	intermediate	4	74	1	0	0	1
407405063005	VBS50671-6645STDY11194410	East	Non-PBO LLIN	intermediate	4	74	1	0	1	0
407405063006	VBS50672-6645STDY11194411	East	Non-PBO LLIN	intermediate	4	74	2	0	0	0
407405063007	VBS50673-6645STDY11194412	East	Non-PBO LLIN	intermediate	4	74	2	0	0	0
407405063008	VBS50674-6645STDY11194413	East	Non-PBO LLIN	intermediate	4	74	2	0	0	0
407405063009	VBS50675-6645STDY11194414	East	Non-PBO LLIN	intermediate	4	74	1	1	0	0
407405063011	VBS50676-6645STDY11194415	East	Non-PBO LLIN	intermediate	4	74	2	0	0	0
407405063012	VBS50677-6645STDY11194416	East	Non-PBO LLIN	intermediate	4	74	2	0	0	0
407405063013	VBS50678-6645STDY11194417	East	Non-PBO LLIN	intermediate	4	74	2	0	0	0
407405063015	VBS50679-6645STDY11194418	East	Non-PBO LLIN	intermediate	4	74	1	0	0	1
407405063016	VBS50680-6645STDY11194419	East	Non-PBO LLIN	intermediate	4	74	2	0	0	0
407405063017	VBS50681-6645STDY11194420	East	Non-PBO LLIN	intermediate	4	74	2	0	0	0
407405063018	VBS50682-6645STDY11194421	East	Non-PBO LLIN	intermediate	4	74	2	0	0	0
407406139001	VBS50683-6645STDY11194422	East	Non-PBO LLIN	intermediate	4	74	2	0	0	0
407409015001	VBS50684-6645STDY11194423	East	Non-PBO LLIN	intermediate	4	74	2	0	0	0
407409015003	VBS50685-6645STDY11194424	East	Non-PBO LLIN	intermediate	4	74	2	0	0	0
408203107001	VBS50686-6645STDY11194425	East	Non-PBO LLIN	intermediate	4	82	2	0	0	0
408409015001	VBS50687-6645STDY11194426	East	Non-PBO LLIN	intermediate	4	84	2	0	0	0
408409015002	VBS50688-6645STDY11194427	East	Non-PBO LLIN	intermediate	4	84	2	0	0	0
408409015004	VBS50689-6645STDY11194428	East	Non-PBO LLIN	intermediate	4	84	2	0	0	0
408409015006	VBS50692-6645STDY11194431	East	Non-PBO LLIN	intermediate	4	84	1	0	0	1
408409015007	VBS50693-6645STDY11194432	East	Non-PBO LLIN	intermediate	4	84	2	0	0	0
408409015008	VBS50694-6645STDY11194435	East	Non-PBO LLIN	intermediate	4	84	2	0	0	0
408409015009	VBS50695-6645STDY11194436	East	Non-PBO LLIN	intermediate	4	84	1	0	0	0
408409015010	VBS50696-6645STDY11194437	East	Non-PBO LLIN	intermediate	4	84	2	0	0	0
408409015011	VBS50697-6645STDY11194438	East	Non-PBO LLIN	intermediate	4	84	2	0	0	0
408409015013	VBS50698-6645STDY11194439	East	Non-PBO LLIN	intermediate	4	84	2	0	0	0
408409015014	VBS50699-6645STDY11194440	East	Non-PBO LLIN	intermediate	4	84	2	0	0	0
408409015015	VBS50700-6645STDY11194441	East	Non-PBO LLIN	intermediate	4	84	2	0	0	0
408408017001	VBS50701-6645STDY11194442	East	Non-PBO LLIN	intermediate	4	84	1	0	0	0
408408017002	VBS50702-6645STDY11194443	East	Non-PBO LLIN	intermediate	4	84	2	0	0	0
408408017003	VBS50703-6645STDY11194444	East	Non-PBO LLIN	intermediate	4	84	2	0	0	0
408408017004	VBS50704-6645STDY11194445	East	Non-PBO LLIN	intermediate	4	84	2	0	0	0
408408017005	VBS50705-6645STDY11194446	East	Non-PBO LLIN	intermediate	4	84	1	1	0	0
408408017006	VBS50706-6645STDY11194447	East	Non-PBO LLIN	intermediate	4	84	2	0	0	0
409401035081	VBS50707-6645STDY11194448	East	PBO LLIN	intermediate	4	94	2	0	0	0
508602054001	VBS50708-6645STDY11194449	East	Non-PBO LLIN	post	5	86	2	0	0	0
508603094001	VBS50709-6645STDY11194450	East	Non-PBO LLIN	post	5	86	2	0	0	0
508603094002	VBS50710-6645STDY11194451	East	Non-PBO LLIN	post	5	86	2	0	0	0
508603094008	VBS50711-6645STDY11194452	East	Non-PBO LLIN	post	5	86	2	0	0	0
508603094003	VBS50712-6645STDY11194453	East	Non-PBO LLIN	post	5	86	2	0	0	0
508603094005	VBS50713-6645STDY11194454	East	Non-PBO LLIN	post	5	86	2	0	0	0
508603094004	VBS50714-6645STDY11194455	East	Non-PBO LLIN	post	5	86	2	0	0	0
508603094006	VBS50715-6645STDY11194456	East	Non-PBO LLIN	post	5	86	2	0	0	0
508603094007	VBS50716-6645STDY11194457	East	Non-PBO LLIN	post	5	86	2	0	0	0
508603094009	VBS50717-6645STDY11194458	East	Non-PBO LLIN	post	5	86	1	0	0	0
508603094011	VBS50718-6645STDY11194459	East	Non-PBO LLIN	post	5	86	2	0	0	0
508605028001	VBS50719-6645STDY11194460	East	Non-PBO LLIN	post	5	86	2	0	0	0
508605028002	VBS50720-6645STDY11194461	East	Non-PBO LLIN	post	5	86	2	0	0	0
508609092001	VBS50721-6645STDY11194462	East	Non-PBO LLIN	post	5	86	0	0	1	0
508609092002	VBS50722-6645STDY11194463	East	Non-PBO LLIN	post	5	86	2	0	0	0
508609092006	VBS50723-6645STDY11194464	East	Non-PBO LLIN	post	5	86	2	0	0	0
508609092007	VBS50724-6645STDY11194465	East	Non-PBO LLIN	post	5	86	1	1	0	0
508402019001	VBS50725-6645STDY11194466	East	Non-PBO LLIN	post	5	84	2	0	0	0
508402019002	VBS50726-6645STDY11194467	East	Non-PBO LLIN	post	5	84	2	0	0	0
508402019004	VBS50727-6645STDY11194468	East	Non-PBO LLIN	post	5	84	1	0	0	1
508609092003	VBS50728-6645STDY11194469	East	Non-PBO LLIN	post	5	86	2	0	0	0
508609092004	VBS50729-6645STDY11194470	East	Non-PBO LLIN	post	5	86	2	0	0	0
508609092005	VBS50730-6645STDY11194471	East	Non-PBO LLIN	post	5	86	2	0	0	0
508404017002	VBS50731-6645STDY11194472	East	Non-PBO LLIN	post	5	84	2	0	0	0
508408017001	VBS50732-6645STDY11194473	East	Non-PBO LLIN	post	5	84	2	0	0	0
509402126002	VBS50733-6645STDY11194474	East	PBO LLIN	post	5	94	2	0	0	0
509402126003	VBS50734-6645STDY11194475	East	PBO LLIN	post	5	94	2	0	0	0
509402126004	VBS50735-6645STDY11194476	East	PBO LLIN	post	5	94	2	0	0	0
509402126007	VBS50736-6645STDY11194477	East	PBO LLIN	post	5	94	2	0	0	0
509406078002	VBS50737-6645STDY11194478	East	PBO LLIN	post	5	94	2	0	0	0
509409009001	VBS50738-6645STDY11194479	East	PBO LLIN	post	5	94	2	0	0	0
509409009006	VBS50739-6645STDY11194480	East	PBO LLIN	post	5	94	2	0	0	0
509410041001	VBS50740-6645STDY11194481	East	PBO LLIN	post	5	94	2	0	0	0
509410041002	VBS50741-6645STDY11194482	East	PBO LLIN	post	5	94	2	0	0	0
509410041003	VBS50742-6645STDY11194483	East	PBO LLIN	post	5	94	2	0	0	0
509410041004	VBS50743-6645STDY11194484	East	PBO LLIN	post	5	94	2	0	0	0
509410041007	VBS50744-6645STDY11194485	East	PBO LLIN	post	5	94	1	0	0	0
509410041008	VBS50745-6645STDY11194486	East	PBO LLIN	post	5	94	2	0	0	0
509410041009	VBS50746-6645STDY11194487	East	PBO LLIN	post	5	94	1	0	0	0
509410041010	VBS50747-6645STDY11194488	East	PBO LLIN	post	5	94	2	0	0	0
509410041011	VBS50748-6645STDY11194489	East	PBO LLIN	post	5	94	2	0	0	0
509410041006	VBS50749-6645STDY11194490	East	PBO LLIN	post	5	94	2	0	0	0
509410041013	VBS50750-6645STDY11194491	East	PBO LLIN	post	5	94	2	0	0	0
509410041017	VBS50751-6645STDY11194492	East	PBO LLIN	post	5	94	2	0	0	0
509410041018	VBS50752-6645STDY11194493	East	PBO LLIN	post	5	94	2	0	0	0
507406190001	VBS50753-6645STDY11194494	East	Non-PBO LLIN	post	5	74	2	0	0	0
507406190005	VBS50754-6645STDY11194495	East	Non-PBO LLIN	post	5	74	2	0	0	0
507408054001	VBS50755-6645STDY11194496	East	Non-PBO LLIN	post	5	74	2	0	0	0
507408054002	VBS50756-6645STDY11194497	East	Non-PBO LLIN	post	5	74	2	0	0	0
507408054003	VBS50757-6645STDY11194498	East	Non-PBO LLIN	post	5	74	2	0	0	0
507408054005	VBS50758-6645STDY11194499	East	Non-PBO LLIN	post	5	74	1	0	0	0
506906013001	VBS50759-6645STDY11194500	East	Non-PBO LLIN	post	5	69	2	0	0	0
506905137003	VBS50761-6645STDY11194501	East	Non-PBO LLIN	post	5	69	2	0	0	0
506905137004	VBS50762-6645STDY11194502	East	Non-PBO LLIN	post	5	69	2	0	0	0
506905137005	VBS50763-6645STDY11194503	East	Non-PBO LLIN	post	5	69	2	0	0	0
506905137006	VBS50764-6645STDY11194504	East	Non-PBO LLIN	post	5	69	1	0	0	0
506905137007	VBS50765-6645STDY11194505	East	Non-PBO LLIN	post	5	69	0	0	0	0
506905137008	VBS50766-6645STDY11194506	East	Non-PBO LLIN	post	5	69	1	1	0	0
506905137009	VBS50767-6645STDY11194507	East	Non-PBO LLIN	post	5	69	1	0	0	0
506905137011	VBS50768-6645STDY11194508	East	Non-PBO LLIN	post	5	69	1	0	1	0
506905137013	VBS50769-6645STDY11194509	East	Non-PBO LLIN	post	5	69	1	1	0	0
506905137014	VBS50770-6645STDY11194510	East	Non-PBO LLIN	post	5	69	1	1	0	0
506707043043	VBS50771-6645STDY11194511	East	Non-PBO LLIN	post	5	67	1	1	0	0
506707043044	VBS50772-6645STDY11194512	East	Non-PBO LLIN	post	5	67	1	1	0	0
506707043045	VBS50773-6645STDY11194513	East	Non-PBO LLIN	post	5	67	2	0	0	0
506707043046	VBS50774-6645STDY11194514	East	Non-PBO LLIN	post	5	67	2	0	0	0
506707043047	VBS50775-6645STDY11194515	East	Non-PBO LLIN	post	5	67	2	0	0	0
506707043048	VBS50776-6645STDY11194516	East	Non-PBO LLIN	post	5	67	2	0	0	0
506707043049	VBS50777-6645STDY11194517	East	Non-PBO LLIN	post	5	67	2	0	0	0
506707043050	VBS50778-6645STDY11194518	East	Non-PBO LLIN	post	5	67	2	0	0	0
506707043051	VBS50779-6645STDY11194519	East	Non-PBO LLIN	post	5	67	2	0	0	0
506707043052	VBS50780-6645STDY11194520	East	Non-PBO LLIN	post	5	67	2	0	0	0
506706023009	VBS50781-6645STDY11194521	East	Non-PBO LLIN	post	5	67	2	0	0	0
506706023010	VBS50782-6645STDY11194522	East	Non-PBO LLIN	post	5	67	2	0	0	0
506706023011	VBS50783-6645STDY11194523	East	Non-PBO LLIN	post	5	67	2	0	0	0
506706023012	VBS50784-6645STDY11194524	East	Non-PBO LLIN	post	5	67	2	0	0	0
506706023013	VBS50785-6645STDY11194525	East	Non-PBO LLIN	post	5	67	2	0	0	0
506706023014	VBS50786-6645STDY11194526	East	Non-PBO LLIN	post	5	67	2	0	0	0
506706023016	VBS50788-6645STDY11194527	East	Non-PBO LLIN	post	5	67	2	0	0	0
506706023017	VBS50789-6645STDY11194528	East	Non-PBO LLIN	post	5	67	0	0	0	0
506706023018	VBS50790-6645STDY11194531	East	Non-PBO LLIN	post	5	67	2	0	0	0
500903089001	VBS50791-6645STDY11194532	West	PBO LLIN	post	5	9	1	0	0	0
500903089002	VBS50792-6645STDY11194533	West	PBO LLIN	post	5	9	2	0	0	0
500903089004	VBS50794-6645STDY11194534	West	PBO LLIN	post	5	9	2	0	0	0
500903089006	VBS50796-6645STDY11194535	West	PBO LLIN	post	5	9	2	0	0	0
500903089007	VBS50797-6645STDY11194536	West	PBO LLIN	post	5	9	2	0	0	0
500903089008	VBS50798-6645STDY11194537	West	PBO LLIN	post	5	9	2	0	0	0
500903089009	VBS50799-6645STDY11194538	West	PBO LLIN	post	5	9	2	0	0	0
500903089010	VBS50800-6645STDY11194539	West	PBO LLIN	post	5	9	2	0	0	0
500907061001	VBS50801-6645STDY11194540	West	PBO LLIN	post	5	9	2	0	0	0
500907061002	VBS50802-6645STDY11194541	West	PBO LLIN	post	5	9	1	0	1	0
500907061003	VBS50803-6645STDY11194542	West	PBO LLIN	post	5	9	2	0	0	0
500907061005	VBS50805-6645STDY11194544	West	PBO LLIN	post	5	9	2	0	0	0
500907061008	VBS50807-6645STDY11194545	West	PBO LLIN	post	5	9	2	0	0	0
500907061011	VBS50810-6645STDY11194548	West	PBO LLIN	post	5	9	2	0	0	0
505204065001	VBS50811-6645STDY11194549	West	Non-PBO LLIN	post	5	52	2	0	0	0
505204065002	VBS50812-6645STDY11194550	West	Non-PBO LLIN	post	5	52	2	0	0	0
505204065003	VBS50813-6645STDY11194551	West	Non-PBO LLIN	post	5	52	2	0	0	0
505204065004	VBS50814-6645STDY11194552	West	Non-PBO LLIN	post	5	52	2	0	0	0
505204065005	VBS50815-6645STDY11194553	West	Non-PBO LLIN	post	5	52	2	0	0	0
505204065006	VBS50816-6645STDY11194554	West	Non-PBO LLIN	post	5	52	2	0	0	0
505204065007	VBS50817-6645STDY11194555	West	Non-PBO LLIN	post	5	52	2	0	0	0
505205008001	VBS50818-6645STDY11194556	West	Non-PBO LLIN	post	5	52	1	1	0	0
505205008002	VBS50819-6645STDY11194557	West	Non-PBO LLIN	post	5	52	2	0	0	0
505207056001	VBS50820-6645STDY11194558	West	Non-PBO LLIN	post	5	52	2	0	0	0
505207056002	VBS50821-6645STDY11194559	West	Non-PBO LLIN	post	5	52	2	0	0	0
505207056003	VBS50822-6645STDY11194560	West	Non-PBO LLIN	post	5	52	2	0	0	0
505207056004	VBS50823-6645STDY11194561	West	Non-PBO LLIN	post	5	52	2	0	0	0
505207056005	VBS50824-6645STDY11194562	West	Non-PBO LLIN	post	5	52	2	0	0	0
505207056006	VBS50825-6645STDY11194563	West	Non-PBO LLIN	post	5	52	2	0	0	0
505207056007	VBS50826-6645STDY11194564	West	Non-PBO LLIN	post	5	52	2	0	0	0
505207056008	VBS50827-6645STDY11194565	West	Non-PBO LLIN	post	5	52	2	0	0	0
505207056009	VBS50828-6645STDY11194566	West	Non-PBO LLIN	post	5	52	2	0	0	0
505207056010	VBS50829-6645STDY11194567	West	Non-PBO LLIN	post	5	52	2	0	0	0
106705085001	VBS50831-6645STDY11194568	East	Non-PBO LLIN	pre	1	67	2	0	0	0
106705085016	VBS50832-6645STDY11194569	East	Non-PBO LLIN	pre	1	67	2	0	0	0
106705085013	VBS50833-6645STDY11194570	East	Non-PBO LLIN	pre	1	67	1	0	0	0
108406048019	VBS50834-6645STDY11194571	East	Non-PBO LLIN	pre	1	84	2	0	0	0
108406048009	VBS50837-6645STDY11194572	East	Non-PBO LLIN	pre	1	84	2	0	0	0
107506144173	VBS64412-6645STDY13043112	East	PBO LLIN	pre	1	75	2	0	0	0
107506144178	VBS64413-6645STDY13043113	East	PBO LLIN	pre	1	75	1	0	0	0
107506144025	VBS64414-6645STDY13043114	East	PBO LLIN	pre	1	75	2	0	0	0
107506144053	VBS64415-6645STDY13043115	East	PBO LLIN	pre	1	75	1	0	0	0
107506144014	VBS64416-6645STDY13043116	East	PBO LLIN	pre	1	75	2	0	0	0
107506144111	VBS64417-6645STDY13043117	East	PBO LLIN	pre	1	75	2	0	0	0
107506144043	VBS64418-6645STDY13043118	East	PBO LLIN	pre	1	75	1	0	0	0
107506144163	VBS64419-6645STDY13043119	East	PBO LLIN	pre	1	75	1	0	1	0
107503007005	VBS64420-6645STDY13043120	East	PBO LLIN	pre	1	75	2	0	0	0
107503007009	VBS64421-6645STDY13043121	East	PBO LLIN	pre	1	75	2	0	0	0
107503007014	VBS64422-6645STDY13043122	East	PBO LLIN	pre	1	75	0	1	0	0
107503007006	VBS64423-6645STDY13043123	East	PBO LLIN	pre	1	75	2	0	0	0
107503007004	VBS64424-6645STDY13043124	East	PBO LLIN	pre	1	75	1	0	0	0
107503007012	VBS64426-6645STDY13043126	East	PBO LLIN	pre	1	75	0	0	0	0
107503007002	VBS64427-6645STDY13043127	East	PBO LLIN	pre	1	75	2	0	0	0
107502040019	VBS64428-6645STDY13043128	East	PBO LLIN	pre	1	75	2	0	0	0
107502040002	VBS64429-6645STDY13043129	East	PBO LLIN	pre	1	75	2	0	0	0
107502040005	VBS64430-6645STDY13043130	East	PBO LLIN	pre	1	75	1	1	0	0
107502040014	VBS64431-6645STDY13043131	East	PBO LLIN	pre	1	75	2	0	0	0
107502040012	VBS64433-6645STDY13043133	East	PBO LLIN	pre	1	75	2	0	0	0
107502040029	VBS64435-6645STDY13043135	East	PBO LLIN	pre	1	75	2	0	0	0
107510082002	VBS64436-6645STDY13043136	East	PBO LLIN	pre	1	75	2	0	0	0
107510082007	VBS64437-6645STDY13043137	East	PBO LLIN	pre	1	75	2	0	0	0
107510082001	VBS64438-6645STDY13043138	East	PBO LLIN	pre	1	75	2	0	0	0
107510082005	VBS64439-6645STDY13043139	East	PBO LLIN	pre	1	75	2	0	0	0
107510082003	VBS64440-6645STDY13043140	East	PBO LLIN	pre	1	75	2	0	0	0
107510082006	VBS64441-6645STDY13043141	East	PBO LLIN	pre	1	75	1	0	0	1
107510082004	VBS64442-6645STDY13043142	East	PBO LLIN	pre	1	75	1	0	0	0
107504050001	VBS64443-6645STDY13043143	East	PBO LLIN	pre	1	75	2	0	0	0
107505033004	VBS64444-6645STDY13043144	East	PBO LLIN	pre	1	75	2	0	0	0
107505033002	VBS64445-6645STDY13043145	East	PBO LLIN	pre	1	75	1	1	0	0
107505033003	VBS64446-6645STDY13043146	East	PBO LLIN	pre	1	75	1	0	0	0
107505033001	VBS64447-6645STDY13043147	East	PBO LLIN	pre	1	75	2	0	0	0
107509039002	VBS64448-6645STDY13043148	East	PBO LLIN	pre	1	75	2	0	0	0
107509039003	VBS64449-6645STDY13043149	East	PBO LLIN	pre	1	75	2	0	0	0
107509039004	VBS64450-6645STDY13043150	East	PBO LLIN	pre	1	75	2	0	0	0
107509039001	VBS64451-6645STDY13043151	East	PBO LLIN	pre	1	75	1	1	0	0
108004014015	VBS64453-6645STDY13043153	East	PBO LLIN	pre	1	80	2	0	0	0
108004014046	VBS64454-6645STDY13043154	East	PBO LLIN	pre	1	80	2	0	0	0
108004014003	VBS64455-6645STDY13043155	East	PBO LLIN	pre	1	80	2	0	0	0
108004014007	VBS64456-6645STDY13043156	East	PBO LLIN	pre	1	80	2	0	0	0
108004014012	VBS64457-6645STDY13043157	East	PBO LLIN	pre	1	80	2	0	0	0
108004014013	VBS64458-6645STDY13043158	East	PBO LLIN	pre	1	80	2	0	0	0
108004014014	VBS64459-6645STDY13043159	East	PBO LLIN	pre	1	80	1	0	0	1
108008111024	VBS64460-6645STDY13043160	East	PBO LLIN	pre	1	80	1	1	0	0
108008111006	VBS64461-6645STDY13043161	East	PBO LLIN	pre	1	80	2	0	0	0
108008111026	VBS64462-6645STDY13043162	East	PBO LLIN	pre	1	80	2	0	0	0
108008111017	VBS64463-6645STDY13043163	East	PBO LLIN	pre	1	80	2	0	0	0
108008111007	VBS64464-6645STDY13043164	East	PBO LLIN	pre	1	80	2	0	0	0
108008111009	VBS64465-6645STDY13043165	East	PBO LLIN	pre	1	80	2	0	0	0
108008111039	VBS64466-6645STDY13043166	East	PBO LLIN	pre	1	80	2	0	0	0
108008111033	VBS64467-6645STDY13043167	East	PBO LLIN	pre	1	80	2	0	0	0
108006088004	VBS64468-6645STDY13043168	East	PBO LLIN	pre	1	80	2	0	0	0
108006088015	VBS64469-6645STDY13043169	East	PBO LLIN	pre	1	80	2	0	0	0
108006088010	VBS64471-6645STDY13043171	East	PBO LLIN	pre	1	80	2	0	0	0
108006088014	VBS64472-6645STDY13043172	East	PBO LLIN	pre	1	80	2	0	0	0
108006088009	VBS64473-6645STDY13043173	East	PBO LLIN	pre	1	80	2	0	0	0
108006088020	VBS64474-6645STDY13043174	East	PBO LLIN	pre	1	80	2	0	0	0
108007228006	VBS64476-6645STDY13043176	East	PBO LLIN	pre	1	80	2	0	0	0
108007228007	VBS64477-6645STDY13043177	East	PBO LLIN	pre	1	80	1	1	0	0
108007228005	VBS64478-6645STDY13043178	East	PBO LLIN	pre	1	80	2	0	0	0
108007228008	VBS64479-6645STDY13043179	East	PBO LLIN	pre	1	80	1	0	0	0
108007228001	VBS64480-6645STDY13043180	East	PBO LLIN	pre	1	80	1	0	0	0
108007228004	VBS64481-6645STDY13043181	East	PBO LLIN	pre	1	80	0	0	0	0
108007228003	VBS64482-6645STDY13043182	East	PBO LLIN	pre	1	80	1	1	0	0
108009009002	VBS64483-6645STDY13043183	East	PBO LLIN	pre	1	80	2	0	0	0
108009009003	VBS64484-6645STDY13043184	East	PBO LLIN	pre	1	80	2	0	0	0
108009009001	VBS64485-6645STDY13043185	East	PBO LLIN	pre	1	80	2	0	0	0
108002005001	VBS64486-6645STDY13043186	East	PBO LLIN	pre	1	80	2	0	0	0
108002005004	VBS64488-6645STDY13043188	East	PBO LLIN	pre	1	80	1	0	0	0
108002005005	VBS64489-6645STDY13043189	East	PBO LLIN	pre	1	80	1	1	0	0
108002005006	VBS64490-6645STDY13043190	East	PBO LLIN	pre	1	80	1	0	0	0
108002005007	VBS64491-6645STDY13043191	East	PBO LLIN	pre	1	80	1	0	0	0
108002005008	VBS64492-6645STDY13043192	East	PBO LLIN	pre	1	80	1	1	0	0
108002005009	VBS64493-6645STDY13043193	East	PBO LLIN	pre	1	80	1	0	0	0
108008111025	VBS64494-6645STDY13043194	East	PBO LLIN	pre	1	80	1	0	0	0
108008111013	VBS64495-6645STDY13043195	East	PBO LLIN	pre	1	80	2	0	0	0
108008111038	VBS64497-6645STDY13043197	East	PBO LLIN	pre	1	80	2	0	0	0
108008111022	VBS64498-6645STDY13043198	East	PBO LLIN	pre	1	80	1	1	0	0
108008111011	VBS64499-6645STDY13043199	East	PBO LLIN	pre	1	80	2	0	0	0
108010030001	VBS64500-6645STDY13043200	East	PBO LLIN	pre	1	80	2	0	0	0
108010030002	VBS64501-6645STDY13043201	East	PBO LLIN	pre	1	80	2	0	0	0
108010030004	VBS64503-6645STDY13043203	East	PBO LLIN	pre	1	80	2	0	0	0
107108112001	VBS64508-6645STDY13043208	East	Non-PBO LLIN	pre	1	71	1	1	0	0
107108112002	VBS64509-6645STDY13043209	East	Non-PBO LLIN	pre	1	71	2	0	0	0
107109096003	VBS64518-6645STDY13043218	East	Non-PBO LLIN	pre	1	71	2	0	0	0
107106069001	VBS64519-6645STDY13043219	East	Non-PBO LLIN	pre	1	71	2	0	0	0
107106069002	VBS64520-6645STDY13043220	East	Non-PBO LLIN	pre	1	71	2	0	0	0
107106069003	VBS64521-6645STDY13043221	East	Non-PBO LLIN	pre	1	71	1	1	0	0
107102321076	VBS64522-6645STDY13043222	East	Non-PBO LLIN	pre	1	71	2	0	0	0
107102321019	VBS64523-6645STDY13043223	East	Non-PBO LLIN	pre	1	71	2	0	0	0
107102321074	VBS64524-6645STDY13043224	East	Non-PBO LLIN	pre	1	71	2	0	0	0
107102321030	VBS64525-6645STDY13043225	East	Non-PBO LLIN	pre	1	71	2	0	0	0
107102321018	VBS64527-6645STDY13043227	East	Non-PBO LLIN	pre	1	71	1	0	0	0
107102321056	VBS64528-6645STDY13043228	East	Non-PBO LLIN	pre	1	71	2	0	0	0
107102321017	VBS64529-6645STDY13043229	East	Non-PBO LLIN	pre	1	71	1	0	0	1
107102321044	VBS64530-6645STDY13043230	East	Non-PBO LLIN	pre	1	71	1	0	0	0
107102321062	VBS64531-6645STDY13043231	East	Non-PBO LLIN	pre	1	71	2	0	0	0
107102321041	VBS64532-6645STDY13043232	East	Non-PBO LLIN	pre	1	71	1	0	1	0
107102321029	VBS64533-6645STDY13043233	East	Non-PBO LLIN	pre	1	71	2	0	0	0
107102321049	VBS64535-6645STDY13043235	East	Non-PBO LLIN	pre	1	71	2	0	0	0
107102321042	VBS64536-6645STDY13043236	East	Non-PBO LLIN	pre	1	71	2	0	0	0
107102321007	VBS64538-6645STDY13043238	East	Non-PBO LLIN	pre	1	71	2	0	0	0
107102321061	VBS64541-6645STDY13043241	East	Non-PBO LLIN	pre	1	71	2	0	0	0
107102321038	VBS64542-6645STDY13043242	East	Non-PBO LLIN	pre	1	71	1	0	0	1
107102321052	VBS64543-6645STDY13043243	East	Non-PBO LLIN	pre	1	71	1	0	1	0
107102321073	VBS64544-6645STDY13043244	East	Non-PBO LLIN	pre	1	71	2	0	0	0
107102321021	VBS64545-6645STDY13043245	East	Non-PBO LLIN	pre	1	71	1	0	0	0
107102321047	VBS64546-6645STDY13043246	East	Non-PBO LLIN	pre	1	71	2	0	0	0
107102321013	VBS64547-6645STDY13043247	East	Non-PBO LLIN	pre	1	71	1	0	0	0
107102321026	VBS64548-6645STDY13043248	East	Non-PBO LLIN	pre	1	71	2	0	0	0
107102321037	VBS64549-6645STDY13043249	East	Non-PBO LLIN	pre	1	71	2	0	0	0
107102321031	VBS64550-6645STDY13043250	East	Non-PBO LLIN	pre	1	71	2	0	0	0
107102321034	VBS64551-6645STDY13043251	East	Non-PBO LLIN	pre	1	71	2	0	0	0
107102321024	VBS64552-6645STDY13043252	East	Non-PBO LLIN	pre	1	71	2	0	0	0
107806001001	VBS64558-6645STDY13043258	East	unkn	intermediate			2	0	0	0
107806001002	VBS64559-6645STDY13043259	East	unkn	intermediate			1	1	0	0
107808059001	VBS64560-6645STDY13043260	East	unkn	intermediate			1	0	0	0
107808059002	VBS64561-6645STDY13043261	East	unkn	intermediate			2	0	0	0
107808059003	VBS64562-6645STDY13043262	East	unkn	intermediate			2	0	0	0
107809022001	VBS64564-6645STDY13043264	East	unkn	intermediate			2	0	0	0
107809022005	VBS64565-6645STDY13043265	East	unkn	intermediate			2	0	0	0
107810075004	VBS64567-6645STDY13043267	East	unkn	intermediate			2	0	0	0
107810075005	VBS64568-6645STDY13043268	East	unkn	intermediate			2	0	0	0
107810075006	VBS64569-6645STDY13043269	East	unkn	intermediate			2	0	0	0
107801071002	VBS64573-6645STDY13043273	East	unkn	intermediate			1	0	1	0
107801071005	VBS64575-6645STDY13043275	East	unkn	intermediate			2	0	0	0
107801071007	VBS64577-6645STDY13043277	East	unkn	intermediate			2	0	0	0
107801071011	VBS64579-6645STDY13043279	East	unkn	intermediate			2	0	0	0
107801071012	VBS64580-6645STDY13043280	East	unkn	intermediate			1	0	1	0
107801071015	VBS64583-6645STDY13043283	East	unkn	intermediate			1	0	0	0
107801071017	VBS64585-6645STDY13043285	East	unkn	intermediate			2	0	0	0
107801071019	VBS64587-6645STDY13043287	East	unkn	intermediate			1	1	0	0
107801071023	VBS64591-6645STDY13043291	East	unkn	intermediate			2	0	0	0
107801071025	VBS64593-6645STDY13043293	East	unkn	intermediate			2	0	0	0
107801071027	VBS64594-6645STDY13043294	East	unkn	intermediate			2	0	0	0
107801071028	VBS64595-6645STDY13043295	East	unkn	intermediate			0	1	0	0
107801071033	VBS64598-6645STDY13043298	East	unkn	intermediate			1	0	0	1
108101127001	VBS64604-6645STDY13043304	East	Non-PBO LLIN	pre	1	81	1	0	0	0
108806007001	VBS64605-6645STDY13043305	East	Non-PBO LLIN	pre	1	88	2	0	0	0
108810016001	VBS64606-6645STDY13043306	East	Non-PBO LLIN	pre	1	88	1	0	0	0
108904009001	VBS64607-6645STDY13043307	East	PBO LLIN	pre	1	89	2	0	0	0
107904001002	VBS64610-6645STDY13043310	East	Non-PBO LLIN	pre	1	79	1	1	0	0
110102021001	VBS64613-6645STDY13043313	East	Non-PBO LLIN	pre	1	101	2	0	0	0
110106018001	VBS64614-6645STDY13043314	East	Non-PBO LLIN	pre	1	101	2	0	0	0
110207019001	VBS64619-6645STDY13043319	East	Non-PBO LLIN	pre	1	102	2	0	0	0
110209038001	VBS64620-6645STDY13043320	East	Non-PBO LLIN	pre	1	102	0	0	1	1
110209038002	VBS64621-6645STDY13043321	East	Non-PBO LLIN	pre	1	102	1	1	0	0
110209038004	VBS64622-6645STDY13043323	East	Non-PBO LLIN	pre	1	102	2	0	0	0
110209038005	VBS64623-6645STDY13043324	East	Non-PBO LLIN	pre	1	102	1	0	0	0
110209038007	VBS64625-6645STDY13043326	East	Non-PBO LLIN	pre	1	102	2	0	0	0
110209038009	VBS64627-6645STDY13043328	East	Non-PBO LLIN	pre	1	102	1	1	0	0
110209038012	VBS64630-6645STDY13043331	East	Non-PBO LLIN	pre	1	102	1	0	0	0
110307042001	VBS64632-6645STDY13043334	East	PBO LLIN	pre	1	103	2	0	0	0
110307042003	VBS64634-6645STDY13043336	East	PBO LLIN	pre	1	103	2	0	0	0
108701007001	VBS64636-6645STDY13043338	East	PBO LLIN	pre	1	87	1	0	0	0
108701007010	VBS64644-6645STDY13043347	East	PBO LLIN	pre	1	87	2	0	0	0
108701007013	VBS64647-6645STDY13043350	East	PBO LLIN	pre	1	87	2	0	0	0
108701007016	VBS64650-6645STDY13043353	East	PBO LLIN	pre	1	87	2	0	0	0
108701007019	VBS64653-6645STDY13043356	East	PBO LLIN	pre	1	87	2	0	0	0
108701007022	VBS64656-6645STDY13043359	East	PBO LLIN	pre	1	87	2	0	0	0
108701007023	VBS64657-6645STDY13043360	East	PBO LLIN	pre	1	87	2	0	0	0
102809007001	VBS64660-6645STDY13043363	West	Non-PBO LLIN	pre	1	28	2	0	0	0
102910111001	VBS64661-6645STDY13043364	West	PBO LLIN	pre	1	29	2	0	0	0
103101007001	VBS64662-6645STDY13043365	West	Non-PBO LLIN	pre	1	31	2	0	0	0
103101007002	VBS64663-6645STDY13043366	West	Non-PBO LLIN	pre	1	31	2	0	0	0
103101007003	VBS64664-6645STDY13043367	West	Non-PBO LLIN	pre	1	31	2	0	0	0
103101007004	VBS64665-6645STDY13043368	West	Non-PBO LLIN	pre	1	31	2	0	0	0
103110065001	VBS64667-6645STDY13043370	West	Non-PBO LLIN	pre	1	31	2	0	0	0
103110065002	VBS64668-6645STDY13043371	West	Non-PBO LLIN	pre	1	31	2	0	0	0
103110065003	VBS64669-6645STDY13043372	West	Non-PBO LLIN	pre	1	31	2	0	0	0
103110065006	VBS64672-6645STDY13043375	West	Non-PBO LLIN	pre	1	31	2	0	0	0
103208020001	VBS64675-6645STDY13043378	West	Non-PBO LLIN	pre	1	32	2	0	0	0
103410064001	VBS64678-6645STDY13043381	West	Non-PBO LLIN	pre	1	34	2	0	0	0
103509061001	VBS64680-6645STDY13043383	West	PBO LLIN	pre	1	35	2	0	0	0
103002008001	VBS64681-6645STDY13043384	West	PBO LLIN	pre	1	30	2	0	0	0
103002008002	VBS64682-6645STDY13043385	West	PBO LLIN	pre	1	30	1	1	0	0
103002008003	VBS64683-6645STDY13043386	West	PBO LLIN	pre	1	30	2	0	0	0
103002008004	VBS64684-6645STDY13043387	West	PBO LLIN	pre	1	30	2	0	0	0
103002008005	VBS64685-6645STDY13043388	West	PBO LLIN	pre	1	30	2	0	0	0
103002008006	VBS64686-6645STDY13043389	West	PBO LLIN	pre	1	30	2	0	0	0
103002008007	VBS64687-6645STDY13043390	West	PBO LLIN	pre	1	30	2	0	0	0
105301075001	VBS64696-6645STDY13043400	West	PBO LLIN	pre	1	53	2	0	0	0
105301075002	VBS64697-6645STDY13043401	West	PBO LLIN	pre	1	53	2	0	0	0
105309004001	VBS64698-6645STDY13043402	West	PBO LLIN	pre	1	53	2	0	0	0
105310094003	VBS64700-6645STDY13043404	West	PBO LLIN	pre	1	53	1	0	0	0
105310094004	VBS64701-6645STDY13043405	West	PBO LLIN	pre	1	53	2	0	0	0
105310094005	VBS64702-6645STDY13043406	West	PBO LLIN	pre	1	53	2	0	0	0
105310094006	VBS64703-6645STDY13043407	West	PBO LLIN	pre	1	53	2	0	0	0
105401004001	VBS64704-6645STDY13043408	West	Non-PBO LLIN	pre	1	54	2	0	0	0
105404023001	VBS64705-6645STDY13043409	West	Non-PBO LLIN	pre	1	54	2	0	0	0
105404023002	VBS64706-6645STDY13043410	West	Non-PBO LLIN	pre	1	54	2	0	0	0
105405032001	VBS64707-6645STDY13043411	West	Non-PBO LLIN	pre	1	54	2	0	0	0
105405032002	VBS64708-6645STDY13043412	West	Non-PBO LLIN	pre	1	54	2	0	0	0
105409002001	VBS64709-6645STDY13043413	West	Non-PBO LLIN	pre	1	54	2	0	0	0
105504070001	VBS64710-6645STDY13043414	West	Non-PBO LLIN	pre	1	55	2	0	0	0
105504070002	VBS64711-6645STDY13043415	West	Non-PBO LLIN	pre	1	55	2	0	0	0
105502056001	VBS64712-6645STDY13043416	West	Non-PBO LLIN	pre	1	55	2	0	0	0
105502056002	VBS64713-6645STDY13043417	West	Non-PBO LLIN	pre	1	55	2	0	0	0
105505002001	VBS64714-6645STDY13043418	West	Non-PBO LLIN	pre	1	55	1	1	0	0
105505002002	VBS64715-6645STDY13043419	West	Non-PBO LLIN	pre	1	55	2	0	0	0
105505002003	VBS64716-6645STDY13043420	West	Non-PBO LLIN	pre	1	55	2	0	0	0
105508027001	VBS64717-6645STDY13043421	West	Non-PBO LLIN	pre	1	55	2	0	0	0
105508027002	VBS64718-6645STDY13043422	West	Non-PBO LLIN	pre	1	55	2	0	0	0
105508027003	VBS64719-6645STDY13043423	West	Non-PBO LLIN	pre	1	55	2	0	0	0
105507033002	VBS64721-6645STDY13043425	West	Non-PBO LLIN	pre	1	55	2	0	0	0
105507033003	VBS64722-6645STDY13043426	West	Non-PBO LLIN	pre	1	55	2	0	0	0
105509129001	VBS64723-6645STDY13043427	West	Non-PBO LLIN	pre	1	55	2	0	0	0
104403018001	VBS64724-6645STDY13043428	West	Non-PBO LLIN	pre	1	44	2	0	0	0
104405002002	VBS64726-6645STDY13043430	West	Non-PBO LLIN	pre	1	44	1	0	0	0
104405002005	VBS64729-6645STDY13043433	West	Non-PBO LLIN	pre	1	44	1	0	0	0
104405002006	VBS64730-6645STDY13043434	West	Non-PBO LLIN	pre	1	44	2	0	0	0
104303063001	VBS64733-6645STDY13043437	West	PBO LLIN	pre	1	43	2	0	0	0
103801003001	VBS64736-6645STDY13043440	West	PBO LLIN	pre	1	38	1	0	0	0
103805088001	VBS64737-6645STDY13043441	West	PBO LLIN	pre	1	38	2	0	0	0
103806008001	VBS64738-6645STDY13043442	West	PBO LLIN	pre	1	38	2	0	0	0
103806008002	VBS64739-6645STDY13043443	West	PBO LLIN	pre	1	38	1	0	0	0
103806008004	VBS64741-6645STDY13043445	West	PBO LLIN	pre	1	38	2	0	0	0
103806008005	VBS64742-6645STDY13043446	West	PBO LLIN	pre	1	38	2	0	0	0
103806008006	VBS64743-6645STDY13043447	West	PBO LLIN	pre	1	38	1	0	0	0
103806008007	VBS64744-6645STDY13043448	West	PBO LLIN	pre	1	38	2	0	0	0
103806008008	VBS64745-6645STDY13043449	West	PBO LLIN	pre	1	38	2	0	0	0
103806008009	VBS64746-6645STDY13043450	West	PBO LLIN	pre	1	38	1	0	0	0
103806008010	VBS64747-6645STDY13043451	West	PBO LLIN	pre	1	38	2	0	0	0
103806008011	VBS64748-6645STDY13043452	West	PBO LLIN	pre	1	38	2	0	0	0
103806008012	VBS64749-6645STDY13043453	West	PBO LLIN	pre	1	38	2	0	0	0
103806008013	VBS64750-6645STDY13043454	West	PBO LLIN	pre	1	38	2	0	0	0
103806008015	VBS64752-6645STDY13043456	West	PBO LLIN	pre	1	38	2	0	0	0
103806008016	VBS64753-6645STDY13043457	West	PBO LLIN	pre	1	38	2	0	0	0
103806008017	VBS64754-6645STDY13043458	West	PBO LLIN	pre	1	38	2	0	0	0
103806008018	VBS64755-6645STDY13043459	West	PBO LLIN	pre	1	38	2	0	0	0
103806008021	VBS64757-6645STDY13043461	West	PBO LLIN	pre	1	38	2	0	0	0
103806008020	VBS64758-6645STDY13043462	West	PBO LLIN	pre	1	38	2	0	0	0
103806008024	VBS64761-6645STDY13043465	West	PBO LLIN	pre	1	38	2	0	0	0
103806008025	VBS64762-6645STDY13043466	West	PBO LLIN	pre	1	38	2	0	0	0
103806008026	VBS64763-6645STDY13043467	West	PBO LLIN	pre	1	38	2	0	0	0
103806008027	VBS64764-6645STDY13043468	West	PBO LLIN	pre	1	38	2	0	0	0
103806008028	VBS64765-6645STDY13043469	West	PBO LLIN	pre	1	38	2	0	0	0
103806008029	VBS64766-6645STDY13043470	West	PBO LLIN	pre	1	38	2	0	0	0
103806008031	VBS64768-6645STDY13043472	West	PBO LLIN	pre	1	38	2	0	0	0
103806008033	VBS64770-6645STDY13043474	West	PBO LLIN	pre	1	38	2	0	0	0
103806008034	VBS64771-6645STDY13043475	West	PBO LLIN	pre	1	38	2	0	0	0
103806008036	VBS64773-6645STDY13043477	West	PBO LLIN	pre	1	38	2	0	0	0
103806008037	VBS64774-6645STDY13043478	West	PBO LLIN	pre	1	38	2	0	0	0
103806008038	VBS64775-6645STDY13043479	West	PBO LLIN	pre	1	38	1	0	0	0
103806008039	VBS64776-6645STDY13043480	West	PBO LLIN	pre	1	38	2	0	0	0
103806008046	VBS64777-6645STDY13043481	West	PBO LLIN	pre	1	38	2	0	0	0
103806008040	VBS64778-6645STDY13043482	West	PBO LLIN	pre	1	38	2	0	0	0
103806008041	VBS64779-6645STDY13043483	West	PBO LLIN	pre	1	38	2	0	0	0
103806008052	VBS64780-6645STDY13043484	West	PBO LLIN	pre	1	38	2	0	0	0
103806008043	VBS64781-6645STDY13043485	West	PBO LLIN	pre	1	38	2	0	0	0
103806008044	VBS64782-6645STDY13043486	West	PBO LLIN	pre	1	38	2	0	0	0
103701075001	VBS64784-6645STDY13043488	West	Non-PBO LLIN	pre	1	37	2	0	0	0
103701075002	VBS64785-6645STDY13043489	West	Non-PBO LLIN	pre	1	37	2	0	0	0
103709138001	VBS64786-6645STDY13043490	West	Non-PBO LLIN	pre	1	37	2	0	0	0
103710004001	VBS64787-6645STDY13043491	West	Non-PBO LLIN	pre	1	37	0	0	0	0
102206094001	VBS64792-6645STDY13043496	West	Non-PBO LLIN	pre	1	22	1	0	0	0
102206094002	VBS64793-6645STDY13043497	West	Non-PBO LLIN	pre	1	22	2	0	0	0
102208020001	VBS64795-6645STDY13043499	West	Non-PBO LLIN	pre	1	22	2	0	0	0
102208020002	VBS64796-6645STDY13043500	West	Non-PBO LLIN	pre	1	22	2	0	0	0
102209088001	VBS64797-6645STDY13043501	West	Non-PBO LLIN	pre	1	22	2	0	0	0
102210001001	VBS64798-6645STDY13043502	West	Non-PBO LLIN	pre	1	22	1	0	0	0
102204042003	VBS64801-6645STDY13043505	West	Non-PBO LLIN	pre	1	22	2	0	0	0
102204042045	VBS64802-6645STDY13043506	West	Non-PBO LLIN	pre	1	22	2	0	0	0
102204042017	VBS64803-6645STDY13043507	West	Non-PBO LLIN	pre	1	22	2	0	0	0
102204042012	VBS64805-6645STDY13043509	West	Non-PBO LLIN	pre	1	22	2	0	0	0
102204042042	VBS64811-6645STDY13043515	West	Non-PBO LLIN	pre	1	22	2	0	0	0
102204042023	VBS64815-6645STDY13043519	West	Non-PBO LLIN	pre	1	22	2	0	0	0
102204042018	VBS64816-6645STDY13043520	West	Non-PBO LLIN	pre	1	22	1	1	0	0
102204042034	VBS64817-6645STDY13043521	West	Non-PBO LLIN	pre	1	22	2	0	0	0
102204042051	VBS64818-6645STDY13043522	West	Non-PBO LLIN	pre	1	22	2	0	0	0
102204042041	VBS64820-6645STDY13043524	West	Non-PBO LLIN	pre	1	22	1	0	0	1
102204042035	VBS64821-6645STDY13043525	West	Non-PBO LLIN	pre	1	22	0	0	0	0
102204042021	VBS64826-6645STDY13043530	West	Non-PBO LLIN	pre	1	22	2	0	0	0
102204042050	VBS64828-6645STDY13043532	West	Non-PBO LLIN	pre	1	22	1	0	0	0
102204042049	VBS64838-6645STDY13043542	West	Non-PBO LLIN	pre	1	22	2	0	0	0
102703084001	VBS64840-6645STDY13043544	West	unkn	intermediate			2	0	0	0
102703084002	VBS64841-6645STDY13043545	West	unkn	intermediate			2	0	0	0
102703084003	VBS64842-6645STDY13043546	West	unkn	intermediate			2	0	0	0
102703084004	VBS64843-6645STDY13043547	West	unkn	intermediate			2	0	0	0
102703084005	VBS64844-6645STDY13043548	West	unkn	intermediate			2	0	0	0
102708097001	VBS64845-6645STDY13043549	West	unkn	intermediate			2	0	0	0
102708097002	VBS64846-6645STDY13043550	West	unkn	intermediate			2	0	0	0
102708097003	VBS64847-6645STDY13043551	West	unkn	intermediate			2	0	0	0
102708097004	VBS64848-6645STDY13043552	West	unkn	intermediate			2	0	0	0
102708097005	VBS64849-6645STDY13043553	West	unkn	intermediate			1	1	0	0
102708097006	VBS64850-6645STDY13043554	West	unkn	intermediate			2	0	0	0
102704084001	VBS64851-6645STDY13043555	West	unkn	intermediate			2	0	0	0
102704084002	VBS64852-6645STDY13043556	West	unkn	intermediate			2	0	0	0
102704084003	VBS64853-6645STDY13043557	West	unkn	intermediate			2	0	0	0
102704084004	VBS64854-6645STDY13043558	West	unkn	intermediate			2	0	0	0
102704084005	VBS64855-6645STDY13043559	West	unkn	intermediate			2	0	0	0
102704084007	VBS64857-6645STDY13043561	West	unkn	intermediate			2	0	0	0
102704084008	VBS64858-6645STDY13043562	West	unkn	intermediate			2	0	0	0
102704084010	VBS64860-6645STDY13043564	West	unkn	intermediate			2	0	0	0
102704084011	VBS64861-6645STDY13043565	West	unkn	intermediate			2	0	0	0
102704084012	VBS64862-6645STDY13043566	West	unkn	intermediate			2	0	0	0
102704084013	VBS64863-6645STDY13043567	West	unkn	intermediate			2	0	0	0
102701126028	VBS64864-6645STDY13043568	West	unkn	intermediate			2	0	0	0
102701126012	VBS64865-6645STDY13043569	West	unkn	intermediate			2	0	0	0
102701126031	VBS64866-6645STDY13043570	West	unkn	intermediate			2	0	0	0
102701126001	VBS64867-6645STDY13043571	West	unkn	intermediate			2	0	0	0
102701126045	VBS64868-6645STDY13043572	West	unkn	intermediate			2	0	0	0
102701126024	VBS64869-6645STDY13043573	West	unkn	intermediate			2	0	0	0
102701126002	VBS64870-6645STDY13043574	West	unkn	intermediate			2	0	0	0
102701126041	VBS64871-6645STDY13043575	West	unkn	intermediate			2	0	0	0
102701126022	VBS64872-6645STDY13043576	West	unkn	intermediate			2	0	0	0
102701126029	VBS64873-6645STDY13043577	West	unkn	intermediate			2	0	0	0
102701126003	VBS64874-6645STDY13043578	West	unkn	intermediate			2	0	0	0
102701126019	VBS64875-6645STDY13043579	West	unkn	intermediate			2	0	0	0
102705004032	VBS64876-6645STDY13043580	West	unkn	intermediate			2	0	0	0
102705004044	VBS64877-6645STDY13043581	West	unkn	intermediate			2	0	0	0
102705004062	VBS64878-6645STDY13043582	West	unkn	intermediate			2	0	0	0
102705004039	VBS64879-6645STDY13043583	West	unkn	intermediate			2	0	0	0
102705004061	VBS64880-6645STDY13043584	West	unkn	intermediate			2	0	0	0
102705004058	VBS64881-6645STDY13043585	West	unkn	intermediate			2	0	0	0
102705004036	VBS64882-6645STDY13043586	West	unkn	intermediate			1	0	0	0
102705004029	VBS64883-6645STDY13043587	West	unkn	intermediate			2	0	0	0
209501025003	VBS64901-6645STDY13043605	East	Non-PBO LLIN	intermediate	2	95	2	0	0	0
105501023001	VBS65151-6645STDY13043884	West	Non-PBO LLIN	pre	1	55	2	0	0	0
107609009121	VBS65240-6645STDY13043974	East	PBO LLIN	pre	1	76	2	0	0	0
108302047025	VBS65277-6645STDY13044011	East	PBO LLIN	pre	1	83	2	0	0	0
309802108002	VBS65417-6645STDY13044264	East	Non-PBO LLIN	intermediate	3	98	2	0	0	0
309802108003	VBS65418-6645STDY13044265	East	Non-PBO LLIN	intermediate	3	98	2	0	0	0
309803038001	VBS65419-6645STDY13044266	East	Non-PBO LLIN	intermediate	3	98	1	0	0	0
309803038002	VBS65420-6645STDY13044267	East	Non-PBO LLIN	intermediate	3	98	2	0	0	0
309804209001	VBS65421-6645STDY13044268	East	Non-PBO LLIN	intermediate	3	98	2	0	0	0
309805024001	VBS65422-6645STDY13044269	East	Non-PBO LLIN	intermediate	3	98	2	0	0	0
309805024002	VBS65423-6645STDY13044270	East	Non-PBO LLIN	intermediate	3	98	2	0	0	0
309805024003	VBS65424-6645STDY13044271	East	Non-PBO LLIN	intermediate	3	98	2	0	0	0
309805024004	VBS65425-6645STDY13044272	East	Non-PBO LLIN	intermediate	3	98	2	0	0	0
309805024005	VBS65426-6645STDY13044273	East	Non-PBO LLIN	intermediate	3	98	1	0	1	0
309810064001	VBS65427-6645STDY13044274	East	Non-PBO LLIN	intermediate	3	98	2	0	0	0
309810064002	VBS65428-6645STDY13044275	East	Non-PBO LLIN	intermediate	3	98	2	0	0	0
309809029007	VBS65429-6645STDY13044276	East	Non-PBO LLIN	intermediate	3	98	1	0	0	0
309809029003	VBS65430-6645STDY13044278	East	Non-PBO LLIN	intermediate	3	98	1	0	0	0
309809029006	VBS65432-6645STDY13044280	East	Non-PBO LLIN	intermediate	3	98	2	0	0	0
309809029005	VBS65433-6645STDY13044281	East	Non-PBO LLIN	intermediate	3	98	2	0	0	0
309809029009	VBS65434-6645STDY13044282	East	Non-PBO LLIN	intermediate	3	98	2	0	0	0
309809029004	VBS65436-6645STDY13044284	East	Non-PBO LLIN	intermediate	3	98	1	0	0	0
309809029002	VBS65437-6645STDY13044285	East	Non-PBO LLIN	intermediate	3	98	1	0	0	0
309809029023	VBS65438-6645STDY13044286	East	Non-PBO LLIN	intermediate	3	98	1	0	0	0
309809029020	VBS65439-6645STDY13044287	East	Non-PBO LLIN	intermediate	3	98	1	0	0	0
309809029019	VBS65441-6645STDY13044289	East	Non-PBO LLIN	intermediate	3	98	2	0	0	0
309809029028	VBS65442-6645STDY13044290	East	Non-PBO LLIN	intermediate	3	98	2	0	0	0
309809029029	VBS65443-6645STDY13044291	East	Non-PBO LLIN	intermediate	3	98	1	0	1	0
309809029024	VBS65444-6645STDY13044292	East	Non-PBO LLIN	intermediate	3	98	2	0	0	0
309809029011	VBS65445-6645STDY13044293	East	Non-PBO LLIN	intermediate	3	98	2	0	0	0
309809029030	VBS65447-6645STDY13044295	East	Non-PBO LLIN	intermediate	3	98	2	0	0	0
309809029015	VBS65450-6645STDY13044300	East	Non-PBO LLIN	intermediate	3	98	2	0	0	0
309809029014	VBS65451-6645STDY13044301	East	Non-PBO LLIN	intermediate	3	98	2	0	0	0
309809029012	VBS65452-6645STDY13044302	East	Non-PBO LLIN	intermediate	3	98	1	0	1	0
309809029033	VBS65454-6645STDY13044304	East	Non-PBO LLIN	intermediate	3	98	2	0	0	0
309809029031	VBS65455-6645STDY13044305	East	Non-PBO LLIN	intermediate	3	98	2	0	0	0
309809029017	VBS65456-6645STDY13044306	East	Non-PBO LLIN	intermediate	3	98	1	0	0	0
309809029016	VBS65457-6645STDY13044307	East	Non-PBO LLIN	intermediate	3	98	2	0	0	0
309910089001	VBS65460-6645STDY13044310	East	Non-PBO LLIN	intermediate	3	99	2	0	0	0
310003001003	VBS65463-6645STDY13044313	East	PBO LLIN	intermediate	3	100	2	0	0	0
310101003003	VBS65474-6645STDY13044324	East	Non-PBO LLIN	intermediate	3	101	2	0	0	0
310101003002	VBS65475-6645STDY13044325	East	Non-PBO LLIN	intermediate	3	101	2	0	0	0
310101003001	VBS65476-6645STDY13044326	East	Non-PBO LLIN	intermediate	3	101	2	0	0	0
310102006001	VBS65477-6645STDY13044327	East	Non-PBO LLIN	intermediate	3	101	2	0	0	0
310102006003	VBS65479-6645STDY13044329	East	Non-PBO LLIN	intermediate	3	101	2	0	0	0
310110030001	VBS65480-6645STDY13044330	East	Non-PBO LLIN	intermediate	3	101	1	0	0	0
310110030002	VBS65481-6645STDY13044331	East	Non-PBO LLIN	intermediate	3	101	2	0	0	0
310204029001	VBS65482-6645STDY13044332	East	Non-PBO LLIN	intermediate	3	102	2	0	0	0
310204029002	VBS65483-6645STDY13044333	East	Non-PBO LLIN	intermediate	3	102	2	0	0	0
310204029005	VBS65487-6645STDY13044336	East	Non-PBO LLIN	intermediate	3	102	2	0	0	0
310204029007	VBS65489-6645STDY13044338	East	Non-PBO LLIN	intermediate	3	102	2	0	0	0
310204029011	VBS65493-6645STDY13044342	East	Non-PBO LLIN	intermediate	3	102	2	0	0	0
310206014001	VBS65497-6645STDY13044346	East	Non-PBO LLIN	intermediate	3	102	2	0	0	0
310206014002	VBS65498-6645STDY13044347	East	Non-PBO LLIN	intermediate	3	102	2	0	0	0
310206014003	VBS65499-6645STDY13044348	East	Non-PBO LLIN	intermediate	3	102	1	0	0	1
310206014004	VBS65500-6645STDY13044349	East	Non-PBO LLIN	intermediate	3	102	2	0	0	0
310206014005	VBS65501-6645STDY13044350	East	Non-PBO LLIN	intermediate	3	102	1	0	1	0
310206014006	VBS65502-6645STDY13044351	East	Non-PBO LLIN	intermediate	3	102	2	0	0	0
310207006001	VBS65504-6645STDY13044354	East	Non-PBO LLIN	intermediate	3	102	1	0	0	0
310209083017	VBS65505-6645STDY13044355	East	Non-PBO LLIN	intermediate	3	102	1	0	0	0
310209083044	VBS65506-6645STDY13044356	East	Non-PBO LLIN	intermediate	3	102	2	0	0	0
310209083030	VBS65507-6645STDY13044357	East	Non-PBO LLIN	intermediate	3	102	0	0	0	0
310209083002	VBS65508-6645STDY13044358	East	Non-PBO LLIN	intermediate	3	102	1	1	0	0
310209083014	VBS65509-6645STDY13044359	East	Non-PBO LLIN	intermediate	3	102	2	0	0	0
409806017001	VBS65716-6645STDY13044571	East	Non-PBO LLIN	intermediate	4	98	2	0	0	0
410204061001	VBS65733-6645STDY13044588	East	Non-PBO LLIN	intermediate	4	102	1	0	0	1
410209127001	VBS65734-6645STDY13044589	East	Non-PBO LLIN	intermediate	4	102	2	0	0	0
410209127003	VBS65736-6645STDY13044591	East	Non-PBO LLIN	intermediate	4	102	2	0	0	0
410209127004	VBS65737-6645STDY13044592	East	Non-PBO LLIN	intermediate	4	102	2	0	0	0
410209127005	VBS65738-6645STDY13044593	East	Non-PBO LLIN	intermediate	4	102	2	0	0	0
410209127011	VBS65740-6645STDY13044595	East	Non-PBO LLIN	intermediate	4	102	2	0	0	0
410209127012	VBS65741-6645STDY13044596	East	Non-PBO LLIN	intermediate	4	102	1	0	0	0
410209127013	VBS65742-6645STDY13044597	East	Non-PBO LLIN	intermediate	4	102	2	0	0	0
410209127014	VBS65743-6645STDY13044598	East	Non-PBO LLIN	intermediate	4	102	1	0	0	0
405204023003	VBS65838-6645STDY13044744	West	Non-PBO LLIN	intermediate	4	52	2	0	0	0
405204023004	VBS65839-6645STDY13044745	West	Non-PBO LLIN	intermediate	4	52	1	0	0	0
405204023005	VBS65840-6645STDY13044746	West	Non-PBO LLIN	intermediate	4	52	2	0	0	0
405204023006	VBS65841-6645STDY13044747	West	Non-PBO LLIN	intermediate	4	52	2	0	0	0
405204023007	VBS65842-6645STDY13044748	West	Non-PBO LLIN	intermediate	4	52	2	0	0	0
405204023009	VBS65843-6645STDY13044749	West	Non-PBO LLIN	intermediate	4	52	2	0	0	0
405204023011	VBS65844-6645STDY13044750	West	Non-PBO LLIN	intermediate	4	52	2	0	0	0
405204023013	VBS65845-6645STDY13044751	West	Non-PBO LLIN	intermediate	4	52	2	0	0	0
405204023016	VBS65846-6645STDY13044752	West	Non-PBO LLIN	intermediate	4	52	2	0	0	0
405204023019	VBS65847-6645STDY13044753	West	Non-PBO LLIN	intermediate	4	52	2	0	0	0
405204023024	VBS65850-6645STDY13044756	West	Non-PBO LLIN	intermediate	4	52	2	0	0	0
405204023026	VBS65851-6645STDY13044757	West	Non-PBO LLIN	intermediate	4	52	2	0	0	0
405204023027	VBS65852-6645STDY13044758	West	Non-PBO LLIN	intermediate	4	52	2	0	0	0
405204023029	VBS65853-6645STDY13044759	West	Non-PBO LLIN	intermediate	4	52	2	0	0	0
405204023030	VBS65854-6645STDY13044760	West	Non-PBO LLIN	intermediate	4	52	2	0	0	0
405204023031	VBS65855-6645STDY13044761	West	Non-PBO LLIN	intermediate	4	52	2	0	0	0
405204023033	VBS65856-6645STDY13044762	West	Non-PBO LLIN	intermediate	4	52	2	0	0	0
405204023035	VBS65857-6645STDY13044763	West	Non-PBO LLIN	intermediate	4	52	2	0	0	0
405204023036	VBS65858-6645STDY13044764	West	Non-PBO LLIN	intermediate	4	52	1	0	0	0
405204023037	VBS65859-6645STDY13044765	West	Non-PBO LLIN	intermediate	4	52	2	0	0	0
405204023042	VBS65860-6645STDY13044766	West	Non-PBO LLIN	intermediate	4	52	2	0	0	0
405204023043	VBS65861-6645STDY13044767	West	Non-PBO LLIN	intermediate	4	52	2	0	0	0
405204023044	VBS65862-6645STDY13044768	West	Non-PBO LLIN	intermediate	4	52	2	0	0	0
405204023046	VBS65863-6645STDY13044769	West	Non-PBO LLIN	intermediate	4	52	2	0	0	0
405204023049	VBS65864-6645STDY13044770	West	Non-PBO LLIN	intermediate	4	52	2	0	0	0
405204023052	VBS65866-6645STDY13044772	West	Non-PBO LLIN	intermediate	4	52	2	0	0	0
405204023053	VBS65867-6645STDY13044773	West	Non-PBO LLIN	intermediate	4	52	2	0	0	0
405204023056	VBS65869-6645STDY13044775	West	Non-PBO LLIN	intermediate	4	52	2	0	0	0
405204023057	VBS65870-6645STDY13044776	West	Non-PBO LLIN	intermediate	4	52	2	0	0	0
405204023061	VBS65873-6645STDY13044779	West	Non-PBO LLIN	intermediate	4	52	2	0	0	0
509501008002	VBS65877-6645STDY13044783	East	Non-PBO LLIN	post	5	95	2	0	0	0
509506019001	VBS65878-6645STDY13044784	East	Non-PBO LLIN	post	5	95	2	0	0	0
509506019002	VBS65879-6645STDY13044785	East	Non-PBO LLIN	post	5	95	1	0	0	0
508805048001	VBS65885-6645STDY13044791	East	Non-PBO LLIN	post	5	88	1	0	0	0
510003033002	VBS65887-6645STDY13044793	East	PBO LLIN	post	5	100	2	0	0	0
510310013002	VBS65889-6645STDY13044795	East	PBO LLIN	post	5	103	1	0	1	0
510310013003	VBS65890-6645STDY13044796	East	PBO LLIN	post	5	103	2	0	0	0
510310013007	VBS65891-6645STDY13044797	East	PBO LLIN	post	5	103	2	0	0	0
502402020001	VBS65892-6645STDY13044798	West	Non-PBO LLIN	post	5	24	1	0	0	1
502402020003	VBS65894-6645STDY13044800	West	Non-PBO LLIN	post	5	24	2	0	0	0
502404128001	VBS65895-6645STDY13044801	West	Non-PBO LLIN	post	5	24	2	0	0	0
502404128002	VBS65896-6645STDY13044802	West	Non-PBO LLIN	post	5	24	2	0	0	0
502404128003	VBS65897-6645STDY13044803	West	Non-PBO LLIN	post	5	24	2	0	0	0
502404128005	VBS65898-6645STDY13044804	West	Non-PBO LLIN	post	5	24	2	0	0	0
502404128006	VBS65899-6645STDY13044805	West	Non-PBO LLIN	post	5	24	2	0	0	0
502404128004	VBS65900-6645STDY13044806	West	Non-PBO LLIN	post	5	24	2	0	0	0
502404128007	VBS65901-6645STDY13044807	West	Non-PBO LLIN	post	5	24	2	0	0	0
502404128008	VBS65902-6645STDY13044808	West	Non-PBO LLIN	post	5	24	2	0	0	0
502401016001	VBS65903-6645STDY13044809	West	Non-PBO LLIN	post	5	24	1	0	0	0
506801043002	VBS65904-6645STDY13044810	East	PBO LLIN	post	5	68	2	0	0	0
506801043005	VBS65905-6645STDY13044811	East	PBO LLIN	post	5	68	2	0	0	0
506801043003	VBS65906-6645STDY13044812	East	PBO LLIN	post	5	68	2	0	0	0
506801043006	VBS65907-6645STDY13044813	East	PBO LLIN	post	5	68	2	0	0	0
506803034001	VBS65909-6645STDY13044815	East	PBO LLIN	post	5	68	2	0	0	0
506804045001	VBS65910-6645STDY13044816	East	PBO LLIN	post	5	68	2	0	0	0
506804045003	VBS65912-6645STDY13044818	East	PBO LLIN	post	5	68	1	0	0	1
506806007001	VBS65913-6645STDY13044819	East	PBO LLIN	post	5	68	2	0	0	0
506806007002	VBS65914-6645STDY13044820	East	PBO LLIN	post	5	68	2	0	0	0
506806007003	VBS65915-6645STDY13044821	East	PBO LLIN	post	5	68	2	0	0	0
506806007004	VBS65916-6645STDY13044822	East	PBO LLIN	post	5	68	1	0	1	0
506806007006	VBS65918-6645STDY13044824	East	PBO LLIN	post	5	68	2	0	0	0
506807032001	VBS65919-6645STDY13044825	East	PBO LLIN	post	5	68	2	0	0	0
506807032002	VBS65920-6645STDY13044826	East	PBO LLIN	post	5	68	1	0	0	0
506807032003	VBS65921-6645STDY13044827	East	PBO LLIN	post	5	68	2	0	0	0
510209067040	VBS66601-6645STDY13045512	East	Non-PBO LLIN	post	5	102	2	0	0	0
510209067110	VBS66602-6645STDY13045513	East	Non-PBO LLIN	post	5	102	2	0	0	0
510209067001	VBS66603-6645STDY13045514	East	Non-PBO LLIN	post	5	102	1	0	0	0
510209067043	VBS66604-6645STDY13045515	East	Non-PBO LLIN	post	5	102	1	0	1	0
510209067089	VBS66605-6645STDY13045516	East	Non-PBO LLIN	post	5	102	2	0	0	0
510209067136	VBS66606-6645STDY13045517	East	Non-PBO LLIN	post	5	102	2	0	0	0
510209067126	VBS66608-6645STDY13045519	East	Non-PBO LLIN	post	5	102	2	0	0	0
510209067123	VBS66609-6645STDY13045520	East	Non-PBO LLIN	post	5	102	2	0	0	0
510209067020	VBS66610-6645STDY13045521	East	Non-PBO LLIN	post	5	102	2	0	0	0
510209067078	VBS66611-6645STDY13045522	East	Non-PBO LLIN	post	5	102	2	0	0	0
510209067009	VBS66612-6645STDY13045523	East	Non-PBO LLIN	post	5	102	0	1	0	0
510209067041	VBS66613-6645STDY13045524	East	Non-PBO LLIN	post	5	102	2	0	0	0
510209067115	VBS66614-6645STDY13045525	East	Non-PBO LLIN	post	5	102	1	1	0	0
510209067164	VBS66615-6645STDY13045526	East	Non-PBO LLIN	post	5	102	2	0	0	0
510209067118	VBS66616-6645STDY13045527	East	Non-PBO LLIN	post	5	102	2	0	0	0
510209067154	VBS66617-6645STDY13045528	East	Non-PBO LLIN	post	5	102	2	0	0	0
510209067063	VBS66618-6645STDY13045529	East	Non-PBO LLIN	post	5	102	0	0	0	0
510209067027	VBS66619-6645STDY13045530	East	Non-PBO LLIN	post	5	102	2	0	0	0
510209067010	VBS66620-6645STDY13045531	East	Non-PBO LLIN	post	5	102	2	0	0	0
510209067109	VBS66621-6645STDY13045532	East	Non-PBO LLIN	post	5	102	2	0	0	0
510209067155	VBS66622-6645STDY13045533	East	Non-PBO LLIN	post	5	102	2	0	0	0
510209067147	VBS66623-6645STDY13045534	East	Non-PBO LLIN	post	5	102	2	0	0	0
510209067132	VBS66624-6645STDY13045535	East	Non-PBO LLIN	post	5	102	2	0	0	0
510209067082	VBS66625-6645STDY13045536	East	Non-PBO LLIN	post	5	102	2	0	0	0
510209067094	VBS66626-6645STDY13045537	East	Non-PBO LLIN	post	5	102	2	0	0	0
510209067169	VBS66627-6645STDY13045538	East	Non-PBO LLIN	post	5	102	2	0	0	0
510209067149	VBS66628-6645STDY13045539	East	Non-PBO LLIN	post	5	102	2	0	0	0
510209067156	VBS66629-6645STDY13045540	East	Non-PBO LLIN	post	5	102	2	0	0	0
510209067024	VBS66630-6645STDY13045541	East	Non-PBO LLIN	post	5	102	2	0	0	0
510209067139	VBS66632-6645STDY13045543	East	Non-PBO LLIN	post	5	102	1	0	0	1
510209067068	VBS66634-6645STDY13045545	East	Non-PBO LLIN	post	5	102	2	0	0	0
510209067112	VBS66635-6645STDY13045546	East	Non-PBO LLIN	post	5	102	1	0	0	0
510209067125	VBS66636-6645STDY13045547	East	Non-PBO LLIN	post	5	102	2	0	0	0
510209067150	VBS66637-6645STDY13045548	East	Non-PBO LLIN	post	5	102	2	0	0	0
510209067080	VBS66638-6645STDY13045549	East	Non-PBO LLIN	post	5	102	2	0	0	0
510209067180	VBS66639-6645STDY13045552	East	Non-PBO LLIN	post	5	102	1	0	0	0
510209067105	VBS66640-6645STDY13045553	East	Non-PBO LLIN	post	5	102	2	0	0	0
510209067137	VBS66641-6645STDY13045554	East	Non-PBO LLIN	post	5	102	2	0	0	0
510209067064	VBS66642-6645STDY13045555	East	Non-PBO LLIN	post	5	102	2	0	0	0
510209067159	VBS66643-6645STDY13045556	East	Non-PBO LLIN	post	5	102	2	0	0	0
510209067004	VBS66644-6645STDY13045557	East	Non-PBO LLIN	post	5	102	1	0	0	0
510209067015	VBS66645-6645STDY13045558	East	Non-PBO LLIN	post	5	102	2	0	0	0
510209067160	VBS66646-6645STDY13045559	East	Non-PBO LLIN	post	5	102	0	0	1	0
510209067162	VBS66647-6645STDY13045560	East	Non-PBO LLIN	post	5	102	2	0	0	0
510209067083	VBS66648-6645STDY13045561	East	Non-PBO LLIN	post	5	102	2	0	0	0
510209067031	VBS66649-6645STDY13045562	East	Non-PBO LLIN	post	5	102	1	0	1	0
510209067178	VBS66650-6645STDY13045563	East	Non-PBO LLIN	post	5	102	2	0	0	0
510209067096	VBS66651-6645STDY13045564	East	Non-PBO LLIN	post	5	102	2	0	0	0
510209067067	VBS66652-6645STDY13045565	East	Non-PBO LLIN	post	5	102	1	0	0	1
510209067116	VBS66654-6645STDY13045567	East	Non-PBO LLIN	post	5	102	1	1	0	0
510209067168	VBS66655-6645STDY13045568	East	Non-PBO LLIN	post	5	102	2	0	0	0
510209067134	VBS66656-6645STDY13045569	East	Non-PBO LLIN	post	5	102	1	0	1	0
510209067148	VBS66657-6645STDY13045570	East	Non-PBO LLIN	post	5	102	1	1	0	0
510209067174	VBS66658-6645STDY13045571	East	Non-PBO LLIN	post	5	102	1	0	0	0
510209067100	VBS66660-6645STDY13045573	East	Non-PBO LLIN	post	5	102	2	0	0	0
510209067058	VBS66661-6645STDY13045574	East	Non-PBO LLIN	post	5	102	2	0	0	0
510209067026	VBS66662-6645STDY13045575	East	Non-PBO LLIN	post	5	102	2	0	0	0
510209067028	VBS66663-6645STDY13045576	East	Non-PBO LLIN	post	5	102	1	0	0	0
510209067005	VBS66664-6645STDY13045577	East	Non-PBO LLIN	post	5	102	2	0	0	0
510209067019	VBS66665-6645STDY13045578	East	Non-PBO LLIN	post	5	102	1	1	0	0
510209067013	VBS66666-6645STDY13045579	East	Non-PBO LLIN	post	5	102	2	0	0	0
510209067021	VBS66667-6645STDY13045580	East	Non-PBO LLIN	post	5	102	2	0	0	0
510209067008	VBS66668-6645STDY13045581	East	Non-PBO LLIN	post	5	102	2	0	0	0
510209067034	VBS66670-6645STDY13045583	East	Non-PBO LLIN	post	5	102	1	0	1	0
510209067039	VBS66671-6645STDY13045584	East	Non-PBO LLIN	post	5	102	2	0	0	0
510209067042	VBS66672-6645STDY13045585	East	Non-PBO LLIN	post	5	102	2	0	0	0
510209067046	VBS66673-6645STDY13045586	East	Non-PBO LLIN	post	5	102	2	0	0	0
510209067045	VBS66674-6645STDY13045587	East	Non-PBO LLIN	post	5	102	2	0	0	0
510209067060	VBS66676-6645STDY13045589	East	Non-PBO LLIN	post	5	102	2	0	0	0
510209067055	VBS66677-6645STDY13045590	East	Non-PBO LLIN	post	5	102	2	0	0	0
510209067065	VBS66678-6645STDY13045591	East	Non-PBO LLIN	post	5	102	2	0	0	0
510209067073	VBS66679-6645STDY13045592	East	Non-PBO LLIN	post	5	102	2	0	0	0
510209067075	VBS66680-6645STDY13045593	East	Non-PBO LLIN	post	5	102	2	0	0	0
510209067079	VBS66681-6645STDY13045594	East	Non-PBO LLIN	post	5	102	2	0	0	0
510209067071	VBS66682-6645STDY13045595	East	Non-PBO LLIN	post	5	102	1	1	0	0
510209067092	VBS66683-6645STDY13045596	East	Non-PBO LLIN	post	5	102	2	0	0	0
510209067104	VBS66684-6645STDY13045597	East	Non-PBO LLIN	post	5	102	2	0	0	0
510209067106	VBS66685-6645STDY13045598	East	Non-PBO LLIN	post	5	102	2	0	0	0
510209067113	VBS66686-6645STDY13045599	East	Non-PBO LLIN	post	5	102	2	0	0	0
510209067117	VBS66687-6645STDY13045600	East	Non-PBO LLIN	post	5	102	2	0	0	0
510209067127	VBS66688-6645STDY13045601	East	Non-PBO LLIN	post	5	102	2	0	0	0
510209067135	VBS66689-6645STDY13045602	East	Non-PBO LLIN	post	5	102	2	0	0	0
510209067143	VBS66690-6645STDY13045603	East	Non-PBO LLIN	post	5	102	2	0	0	0
510207019001	VBS66791-6645STDY13045704	East	Non-PBO LLIN	post	5	102	2	0	0	0
510205061001	VBS66792-6645STDY13045705	East	Non-PBO LLIN	post	5	102	2	0	0	0
510205061002	VBS66793-6645STDY13045706	East	Non-PBO LLIN	post	5	102	2	0	0	0
510205061003	VBS66794-6645STDY13045707	East	Non-PBO LLIN	post	5	102	2	0	0	0
510205061004	VBS66795-6645STDY13045708	East	Non-PBO LLIN	post	5	102	2	0	0	0
510203039001	VBS66796-6645STDY13045709	East	Non-PBO LLIN	post	5	102	2	0	0	0
510203039002	VBS66797-6645STDY13045710	East	Non-PBO LLIN	post	5	102	1	0	0	0
510203039003	VBS66798-6645STDY13045711	East	Non-PBO LLIN	post	5	102	2	0	0	0
510203039004	VBS66799-6645STDY13045712	East	Non-PBO LLIN	post	5	102	1	0	0	0
510203039005	VBS66800-6645STDY13045713	East	Non-PBO LLIN	post	5	102	2	0	0	0
510203039006	VBS66801-6645STDY13045714	East	Non-PBO LLIN	post	5	102	1	0	0	1
507901115007	VBS66802-6645STDY13045715	East	Non-PBO LLIN	post	5	79	2	0	0	0
507901115008	VBS66803-6645STDY13045716	East	Non-PBO LLIN	post	5	79	2	0	0	0
507903077001	VBS66805-6645STDY13045718	East	Non-PBO LLIN	post	5	79	2	0	0	0
507904044001	VBS66806-6645STDY13045719	East	Non-PBO LLIN	post	5	79	2	0	0	0
507906104001	VBS66807-6645STDY13045720	East	Non-PBO LLIN	post	5	79	1	0	0	0
507906104002	VBS66808-6645STDY13045721	East	Non-PBO LLIN	post	5	79	1	0	0	1
507906104003	VBS66809-6645STDY13045722	East	Non-PBO LLIN	post	5	79	2	0	0	0
507906104004	VBS66810-6645STDY13045723	East	Non-PBO LLIN	post	5	79	2	0	0	0
507906104005	VBS66811-6645STDY13045724	East	Non-PBO LLIN	post	5	79	1	0	0	0
507906104006	VBS66812-6645STDY13045725	East	Non-PBO LLIN	post	5	79	1	0	0	0
507907188001	VBS66813-6645STDY13045726	East	Non-PBO LLIN	post	5	79	2	0	0	0
507907188002	VBS66814-6645STDY13045727	East	Non-PBO LLIN	post	5	79	2	0	0	0
507907188003	VBS66815-6645STDY13045728	East	Non-PBO LLIN	post	5	79	1	0	0	0
507907188004	VBS66816-6645STDY13045729	East	Non-PBO LLIN	post	5	79	1	0	0	0
507907188005	VBS66817-6645STDY13045730	East	Non-PBO LLIN	post	5	79	2	0	0	0
507907188006	VBS66818-6645STDY13045731	East	Non-PBO LLIN	post	5	79	2	0	0	0
507907188007	VBS66819-6645STDY13045732	East	Non-PBO LLIN	post	5	79	2	0	0	0
507907188008	VBS66820-6645STDY13045733	East	Non-PBO LLIN	post	5	79	2	0	0	0
507907188009	VBS66821-6645STDY13045734	East	Non-PBO LLIN	post	5	79	2	0	0	0
507907188010	VBS66822-6645STDY13045735	East	Non-PBO LLIN	post	5	79	1	0	0	0
507907188011	VBS66823-6645STDY13045736	East	Non-PBO LLIN	post	5	79	2	0	0	0
507907188012	VBS66824-6645STDY13045737	East	Non-PBO LLIN	post	5	79	2	0	0	0
507907188013	VBS66825-6645STDY13045738	East	Non-PBO LLIN	post	5	79	2	0	0	0
507907188014	VBS66826-6645STDY13045739	East	Non-PBO LLIN	post	5	79	2	0	0	0
507907188015	VBS66827-6645STDY13045740	East	Non-PBO LLIN	post	5	79	1	0	0	0
507908168003	VBS66828-6645STDY13045741	East	Non-PBO LLIN	post	5	79	2	0	0	0
507908168004	VBS66829-6645STDY13045742	East	Non-PBO LLIN	post	5	79	1	0	0	0
507908168005	VBS66830-6645STDY13045743	East	Non-PBO LLIN	post	5	79	2	0	0	0
507908168008	VBS66831-6645STDY13045744	East	Non-PBO LLIN	post	5	79	1	0	0	1
507908168009	VBS66832-6645STDY13045745	East	Non-PBO LLIN	post	5	79	2	0	0	0
507908168010	VBS66833-6645STDY13045746	East	Non-PBO LLIN	post	5	79	1	0	0	0
507908168011	VBS66834-6645STDY13045747	East	Non-PBO LLIN	post	5	79	2	0	0	0
507908168012	VBS66835-6645STDY13045748	East	Non-PBO LLIN	post	5	79	2	0	0	0
507804103003	VBS66836-6645STDY13045749	East	unkn	intermediate			2	0	0	0
507801002001	VBS66839-6645STDY13045752	East	unkn	intermediate			2	0	0	0
507801002002	VBS66840-6645STDY13045753	East	unkn	intermediate			2	0	0	0
507801002003	VBS66841-6645STDY13045754	East	unkn	intermediate			1	0	0	0
507801002004	VBS66842-6645STDY13045755	East	unkn	intermediate			2	0	0	0
507801002005	VBS66843-6645STDY13045756	East	unkn	intermediate			2	0	0	0
507801002006	VBS66844-6645STDY13045757	East	unkn	intermediate			2	0	0	0
507801002010	VBS66845-6645STDY13045758	East	unkn	intermediate			2	0	0	0
507801002011	VBS66846-6645STDY13045759	East	unkn	intermediate			1	0	0	1
507801002012	VBS66847-6645STDY13045760	East	unkn	intermediate			2	0	0	0
507801002013	VBS66848-6645STDY13045761	East	unkn	intermediate			2	0	0	0
507801002014	VBS66849-6645STDY13045762	East	unkn	intermediate			2	0	0	0
507801002016	VBS66850-6645STDY13045763	East	unkn	intermediate			2	0	0	0
507801002017	VBS66851-6645STDY13045764	East	unkn	intermediate			2	0	0	0
507801002019	VBS66853-6645STDY13045766	East	unkn	intermediate			2	0	0	0
507801002020	VBS66854-6645STDY13045767	East	unkn	intermediate			1	0	0	0
507801002021	VBS66855-6645STDY13045768	East	unkn	intermediate			2	0	0	0
507801002022	VBS66856-6645STDY13045769	East	unkn	intermediate			1	0	1	0
507801002023	VBS66857-6645STDY13045770	East	unkn	intermediate			1	0	0	0
507801002025	VBS66858-6645STDY13045771	East	unkn	intermediate			1	1	0	0
507801002026	VBS66859-6645STDY13045772	East	unkn	intermediate			2	0	0	0
507801002027	VBS66860-6645STDY13045773	East	unkn	intermediate			2	0	0	0
507801002028	VBS66861-6645STDY13045774	East	unkn	intermediate			2	0	0	0
507801002029	VBS66862-6645STDY13045775	East	unkn	intermediate			2	0	0	0
507803086001	VBS66863-6645STDY13045776	East	unkn	intermediate			2	0	0	0
507803086002	VBS66864-6645STDY13045777	East	unkn	intermediate			2	0	0	0
507803086003	VBS66865-6645STDY13045778	East	unkn	intermediate			2	0	0	0
507803086006	VBS66867-6645STDY13045780	East	unkn	intermediate			2	0	0	0
507805101001	VBS66868-6645STDY13045781	East	unkn	intermediate			2	0	0	0
507805101002	VBS66869-6645STDY13045782	East	unkn	intermediate			2	0	0	0
507805101003	VBS66870-6645STDY13045783	East	unkn	intermediate			1	1	0	0
507805101004	VBS66871-6645STDY13045784	East	unkn	intermediate			1	0	0	0
507805101007	VBS66872-6645STDY13045785	East	unkn	intermediate			1	0	0	0
507805101008	VBS66873-6645STDY13045786	East	unkn	intermediate			2	0	0	0
507805101009	VBS66874-6645STDY13045787	East	unkn	intermediate			1	0	0	0
507806006008	VBS66877-6645STDY13045790	East	unkn	intermediate			1	1	0	0
507806006009	VBS66878-6645STDY13045791	East	unkn	intermediate			2	0	0	0
507806006010	VBS66879-6645STDY13045792	East	unkn	intermediate			2	0	0	0
507806006011	VBS66880-6645STDY13045793	East	unkn	intermediate			1	0	0	0
507806006012	VBS66881-6645STDY13045794	East	unkn	intermediate			2	0	0	0
507806006013	VBS66882-6645STDY13045795	East	unkn	intermediate			2	0	0	0
400306001023	VBS67009-6645STDY13057653	West	Non-PBO LLIN	intermediate	4	3	2	0	0	0
400306001024	VBS67010-6645STDY13057654	West	Non-PBO LLIN	intermediate	4	3	2	0	0	0
400306001026	VBS67012-6645STDY13057656	West	Non-PBO LLIN	intermediate	4	3	2	0	0	0
400306001027	VBS67013-6645STDY13057657	West	Non-PBO LLIN	intermediate	4	3	2	0	0	0
400306001028	VBS67014-6645STDY13057658	West	Non-PBO LLIN	intermediate	4	3	2	0	0	0
400306001034	VBS67020-6645STDY13057664	West	Non-PBO LLIN	intermediate	4	3	2	0	0	0
400306001035	VBS67021-6645STDY13057665	West	Non-PBO LLIN	intermediate	4	3	2	0	0	0
400306001036	VBS67022-6645STDY13057666	West	Non-PBO LLIN	intermediate	4	3	1	0	0	0
400306001038	VBS67024-6645STDY13057668	West	Non-PBO LLIN	intermediate	4	3	2	0	0	0
400306001039	VBS67025-6645STDY13057669	West	Non-PBO LLIN	intermediate	4	3	2	0	0	0
400306001040	VBS67026-6645STDY13057670	West	Non-PBO LLIN	intermediate	4	3	2	0	0	0
